-- phpMyAdmin SQL Dump
-- version 5.2.1
-- https://www.phpmyadmin.net/
--
-- Host: 127.0.0.1
-- Generation Time: Mar 20, 2024 at 05:00 AM
-- Server version: 10.4.28-MariaDB
-- PHP Version: 8.0.28

SET SQL_MODE = "NO_AUTO_VALUE_ON_ZERO";
START TRANSACTION;
SET time_zone = "+00:00";


/*!40101 SET @OLD_CHARACTER_SET_CLIENT=@@CHARACTER_SET_CLIENT */;
/*!40101 SET @OLD_CHARACTER_SET_RESULTS=@@CHARACTER_SET_RESULTS */;
/*!40101 SET @OLD_COLLATION_CONNECTION=@@COLLATION_CONNECTION */;
/*!40101 SET NAMES utf8mb4 */;

--
-- Database: `one_centro`
--

-- --------------------------------------------------------

--
-- Table structure for table `assets`
--

CREATE TABLE `assets` (
  `id` int(11) NOT NULL,
  `employee` varchar(255) NOT NULL,
  `department` varchar(255) NOT NULL,
  `asset_name` varchar(255) NOT NULL,
  `description` text NOT NULL,
  `quantity` int(11) NOT NULL,
  `con` varchar(20) NOT NULL,
  `remarks` varchar(5) NOT NULL,
  `barcode` varchar(20) NOT NULL,
  `added_by` varchar(255) NOT NULL,
  `added_on` varchar(10) NOT NULL
) ENGINE=InnoDB DEFAULT CHARSET=utf8mb4 COLLATE=utf8mb4_general_ci;

--
-- Dumping data for table `assets`
--

INSERT INTO `assets` (`id`, `employee`, `department`, `asset_name`, `description`, `quantity`, `con`, `remarks`, `barcode`, `added_by`, `added_on`) VALUES
(8, 'JOHNNY TING', 'BI', 'LAPTOP', 'YOGA LAPTOP BLACK', 1, 'Good Condition', '2019', '2023-00000001', 'Nasario Edullantes', '11-07-23'),
(9, 'JOHNNY TING', 'BI', 'LAPTOP CHARGER', '', 1, 'Good Condition', '2007', '2023-00000002', 'Nasario Edullantes', '11-07-23'),
(31, 'JOHNNY TING', 'BI', 'EXTENSION WIRE', '', 2, 'Good Condition', '2019', '2023-00000003', 'Nasario Edullantes', '11-08-23'),
(32, 'JOHNNY TING', 'BI', 'MOUSE', 'WIRELESS', 1, 'Good Condition', '2007', '2023-00000004', 'Nasario Edullantes', '11-08-23'),
(33, 'JOHNNY TING', 'BI', 'CALCULATOR', 'OLD SUPPLY', 1, 'Good Condition', '2007', '2023-00000005', 'Nasario Edullantes', '11-08-23'),
(34, 'JOHNNY TING', 'BI', 'CHAIR', '', 1, 'Good Condition', '2007', '2023-00000006', 'Nasario Edullantes', '11-08-23'),
(35, 'JOHNNY TING', 'BI', 'SCISSOR', '', 1, 'Good Condition', 'None', '2023-00000007', 'Nasario Edullantes', '11-08-23'),
(36, 'JOHNNY TING', 'BI', 'PRINTER', 'EPSON L3110', 1, 'Good Condition', 'None', '2023-00000008', 'Nasario Edullantes', '11-08-23'),
(37, 'JOHNNY TING', 'BI', 'SPEAKER', '', 1, 'Good Condition', 'None', '2023-00000009', 'Nasario Edullantes', '11-08-23'),
(38, 'JOHNNY TING', 'BI', 'TAPE DISPENSER', '', 1, 'Good Condition', 'None', '2023-00000010', 'Nasario Edullantes', '11-08-23'),
(39, 'JOHNNY TING', 'BI', 'OFFICE CHAIR', 'BLACK OLD SUPPLY FROM ENGR. DEPT.', 1, 'Good Condition', 'None', '2023-00000011', 'Nasario Edullantes', '11-08-23'),
(40, 'JOHNNY TING', 'BI', '3N1 PRINTER ', 'HP LAZERJET PRO MFP M435NW', 1, 'Good Condition', 'None', '2023-00000012', 'Nasario Edullantes', '11-08-23'),
(41, 'JOHNNY TING', 'BI', 'ELECTRIC FAN', 'ASTRON WHITE', 1, 'Good Condition', 'None', '2023-00000013', 'Nasario Edullantes', '11-08-23'),
(42, 'JOHNNY TING', 'BI', 'TRASH BIN', '', 1, 'Good Condition', 'None', '2023-00000014', 'Nasario Edullantes', '11-08-23'),
(43, 'JOHNNY TING', 'BI', 'GUESS CHAIR', '4 BROWN, 2 BLACK ', 6, 'Good Condition', 'None', '2023-00000015', 'Nasario Edullantes', '11-08-23'),
(44, 'JOHNNY TING', 'BI', 'TABLE SMALL', ' FOR PRINTER', 1, 'Good Condition', 'None', '2023-00000016', 'Nasario Edullantes', '11-08-23'),
(45, 'JOHNNY TING', 'BI', 'DISH ORGANIZER', 'LIRCON (SINGLE)', 1, 'Good Condition', 'None', '2023-00000017', 'Nasario Edullantes', '11-08-23'),
(46, 'JOHNNY TING', 'BI', 'TABLE ', 'FOR WATER DISPENSER', 1, 'Good Condition', 'None', '2023-00000018', 'Nasario Edullantes', '11-08-23'),
(47, 'JOHNNY TING', 'BI', 'DUST PAN', '', 1, 'Good Condition', 'None', '2023-00000019', 'Nasario Edullantes', '11-08-23'),
(48, 'MARY ANN SILAO', 'BI', 'SYSTEM UNIT', 'SET', 1, 'Good Condition', 'None', '2023-00000020', 'Nasario Edullantes', '11-08-23'),
(49, 'MARY ANN SILAO', 'BI', 'KEYBOARD', '', 1, 'Good Condition', 'None', '2023-00000021', 'Nasario Edullantes', '11-08-23'),
(50, 'MARY ANN SILAO', 'BI', 'MOUSE', '', 1, 'Good Condition', 'None', '2023-00000022', 'Nasario Edullantes', '11-08-23'),
(51, 'MARY ANN SILAO', 'BI', 'CALCULATOR', '', 1, 'Good Condition', 'None', '2023-00000023', 'Nasario Edullantes', '11-08-23'),
(52, 'MARY ANN SILAO', 'BI', 'CHAIR', '', 1, 'Good Condition', 'None', '2023-00000024', 'Nasario Edullantes', '11-08-23'),
(53, 'MARY ANN SILAO', 'BI', 'TABLE', '', 1, 'Good Condition', 'None', '2023-00000025', 'Nasario Edullantes', '11-08-23'),
(54, 'MARY ANN SILAO', 'BI', 'TRASH BIN', '', 1, 'Good Condition', 'None', '2023-00000026', 'Nasario Edullantes', '11-08-23'),
(55, 'MARY ANN SILAO', 'BI', 'DOCUMENT TRAY', '', 1, 'Good Condition', 'None', '2023-00000027', 'Nasario Edullantes', '11-08-23'),
(56, 'MARY ANN SILAO', 'BI', 'PUNCHER', '', 1, 'Good Condition', 'None', '2023-00000028', 'Nasario Edullantes', '11-08-23'),
(57, 'MARY ANN SILAO', 'BI', 'STAPLER', '', 1, 'Good Condition', 'None', '2023-00000029', 'Nasario Edullantes', '11-08-23'),
(58, 'MARY ANN SILAO', 'BI', 'STAPLER', '', 1, 'Good Condition', 'None', '2023-00000030', 'Nasario Edullantes', '11-08-23'),
(59, 'MARY ANN SILAO', 'BI', 'SCISSOR', '', 1, 'Good Condition', 'None', '2023-00000031', 'Nasario Edullantes', '11-08-23'),
(60, 'MARY ANN SILAO', 'BI', 'SCISSOR', '', 1, 'Good Condition', 'None', '2023-00000032', 'Nasario Edullantes', '11-08-23'),
(61, 'MARY ANN SILAO', 'BI', 'WOOD DIVIDER', '', 1, 'Good Condition', 'None', '2023-00000033', 'Nasario Edullantes', '11-08-23'),
(64, 'LUCIL ANGELA PURACAN', 'BI', 'LAPTOP SET', 'CHARGER, BAG, MOUSE ', 1, 'Good Condition', 'None', '2023-00000034', 'Nasario Edullantes', '11-08-23'),
(65, 'LUCIL ANGELA PURACAN', 'BI', 'PRINTER', 'EPSON L3110', 1, 'Good Condition', 'None', '2023-00000035', 'Nasario Edullantes', '11-08-23'),
(66, 'LUCIL ANGELA PURACAN', 'BI', 'PRINTER', 'EPSON L3110', 1, 'Good Condition', 'None', '2023-00000036', 'Nasario Edullantes', '11-08-23'),
(67, 'LUCIL ANGELA PURACAN', 'BI', 'COMPANY CELLPHONE', 'WITH CHRGER SAMSUNG A03 ,RED', 1, 'Good Condition', 'None', '2023-00000037', 'Nasario Edullantes', '11-08-23'),
(68, 'LUCIL ANGELA PURACAN', 'BI', 'EXTENSION WIRE', 'SHORT', 2, 'Good Condition', 'None', '2023-00000038', 'Nasario Edullantes', '11-08-23'),
(69, 'LUCIL ANGELA PURACAN', 'BI', 'PIN/BROWNBOARD', 'SMALL', 1, 'Good Condition', 'None', '2023-00000039', 'Nasario Edullantes', '11-08-23'),
(70, 'LUCIL ANGELA PURACAN', 'BI', 'DOCUMENT TRAY', 'THREE ROWS BLACK, NEW', 1, 'Good Condition', 'None', '2023-00000040', 'Nasario Edullantes', '11-08-23'),
(71, 'LUCIL ANGELA PURACAN', 'BI', 'CALCULATOR', 'CASIO MX-120B , BLACK , OLD SUPPLY', 1, 'Good Condition', 'None', '2023-00000041', 'Nasario Edullantes', '11-08-23'),
(72, 'LUCIL ANGELA PURACAN', 'BI', 'CHAIR', 'f%f- low back off chair', 1, 'Good Condition', 'None', '2023-00000042', 'Nasario Edullantes', '11-08-23'),
(73, 'LUCIL ANGELA PURACAN', 'BI', 'TABLE', 'OLD TABLE, WOOD TYPE', 3, 'Good Condition', 'None', '2023-00000043', 'Nasario Edullantes', '11-08-23'),
(74, 'LUCIL ANGELA PURACAN', 'BI', 'TRASH BIN', 'BLACK', 1, 'Good Condition', 'None', '2023-00000044', 'Nasario Edullantes', '11-08-23'),
(75, 'LUCIL ANGELA PURACAN', 'BI', 'PUNCHER', 'HBW HEAVY DUTY, OLD SUPPLY, BLUE', 1, 'Good Condition', 'None', '2023-00000045', 'Nasario Edullantes', '11-08-23'),
(76, 'LUCIL ANGELA PURACAN', 'BI', 'STAPLER', 'MAX, BLUE NEW', 1, 'Good Condition', 'None', '2023-00000046', 'Nasario Edullantes', '11-08-23'),
(77, 'LUCIL ANGELA PURACAN', 'BI', 'SCISSOR', 'OLD AND NEW', 2, 'Good Condition', 'None', '2023-00000047', 'Nasario Edullantes', '11-08-23'),
(78, 'LUCIL ANGELA PURACAN', 'BI', 'WIRELESS MOUSE', 'NEW', 1, 'Good Condition', 'None', '2023-00000048', 'Nasario Edullantes', '11-08-23'),
(79, 'LUCIL ANGELA PURACAN', 'BI', 'FILE CABINET', 'PROTECH, OLD CABINET', 1, 'Good Condition', 'None', '2023-00000049', 'Nasario Edullantes', '11-08-23'),
(80, 'LUCIL ANGELA PURACAN', 'BI', 'WATER DISPENSER', 'EUREKA', 1, 'Good Condition', 'None', '2023-00000050', 'Nasario Edullantes', '11-08-23'),
(81, 'LUCIL ANGELA PURACAN', 'BI', 'FILER', '', 3, 'Good Condition', 'None', '2023-00000051', 'Nasario Edullantes', '11-08-23'),
(82, 'MAELENE TING', 'BI', 'LAPTOP SET', 'CHARGER, BAG, MOUSE', 1, 'Good Condition', 'None', '2023-00000052', 'Nasario Edullantes', '11-08-23'),
(83, 'MAELENE TING', 'BI', 'EXTENSION WIRE', '', 1, 'Good Condition', 'None', '2023-00000053', 'Nasario Edullantes', '11-08-23'),
(84, 'MAELENE TING', 'BI', 'CALCULATOR', '', 1, 'Good Condition', 'None', '2023-00000054', 'Nasario Edullantes', '11-08-23'),
(85, 'MAELENE TING', 'BI', 'CALCULATOR', '', 1, 'Good Condition', 'None', '2023-00000055', 'Nasario Edullantes', '11-08-23'),
(86, 'MAELENE TING', 'BI', 'CHAIR', '', 1, 'Good Condition', 'None', '2023-00000056', 'Nasario Edullantes', '11-08-23'),
(87, 'MAELENE TING', 'BI', 'TABLE', '', 1, 'Good Condition', 'None', '2023-00000057', 'Nasario Edullantes', '11-08-23'),
(88, 'MAELENE TING', 'BI', 'TRASH BIN', '', 1, 'Good Condition', 'None', '2023-00000058', 'Nasario Edullantes', '11-08-23'),
(89, 'MAELENE TING', 'BI', 'TAPE DISPENSER', '', 1, 'Good Condition', 'None', '2023-00000059', 'Nasario Edullantes', '11-08-23'),
(90, 'MAELENE TING', 'BI', 'STAPLER', '', 1, 'Good Condition', 'None', '2023-00000060', 'Nasario Edullantes', '11-08-23'),
(91, 'MAELENE TING', 'BI', 'SCISSOR', '', 1, 'Good Condition', 'None', '2023-00000061', 'Nasario Edullantes', '11-08-23'),
(92, 'MAELENE TING', 'BI', 'HEAVY DUTY STAPLE', '', 1, 'Good Condition', 'None', '2023-00000062', 'Nasario Edullantes', '11-08-23'),
(93, 'MAELENE TING', 'BI', 'FILER', '', 1, 'Good Condition', 'None', '2023-00000063', 'Nasario Edullantes', '11-08-23'),
(98, 'AMALIA CARPENTERO', 'LC', 'DUSTBIN', 'YELLOW', 1, 'Good Condition', 'None', '2023-00000064', 'Nasario Edullantes', '11-08-23'),
(99, 'AMALIA CARPENTERO', 'LC', '2 WHOLE PUNCHER', 'BLACK', 1, 'Good Condition', 'None', '2023-00000065', 'Nasario Edullantes', '11-08-23'),
(100, 'AMALIA CARPENTERO', 'LC', 'STAPLER', 'BLUE', 1, 'Good Condition', 'None', '2023-00000066', 'Nasario Edullantes', '11-08-23'),
(101, 'AMALIA CARPENTERO', 'LC', 'TAPE DISPENSER', 'BLUE', 1, 'Good Condition', 'None', '2023-00000067', 'Nasario Edullantes', '11-08-23'),
(102, 'AMALIA CARPENTERO', 'LC', 'RACK FILE', 'BLACK', 1, 'Good Condition', 'None', '2023-00000068', 'Nasario Edullantes', '11-08-23'),
(103, 'AMALIA CARPENTERO', 'LC', 'SCISSOR', 'BLACK', 1, 'Good Condition', 'None', '2023-00000069', 'Nasario Edullantes', '11-08-23'),
(104, 'GEMMA TANGINAN', 'LC', 'LAPTOP SET', 'MOUSE, BAG GRAY AND BLACK', 1, 'Good Condition', 'None', '2023-00000070', 'Nasario Edullantes', '11-08-23'),
(105, 'GEMMA TANGINAN', 'LC', 'CELLPHONE', 'SPARK TECNO DARK BROWN', 1, 'Good Condition', 'None', '2023-00000071', 'Nasario Edullantes', '11-08-23'),
(106, 'GEMMA TANGINAN', 'LC', 'TABLE', 'BROWN', 1, 'Good Condition', 'None', '2023-00000072', 'Nasario Edullantes', '11-08-23'),
(107, 'GEMMA TANGINAN', 'LC', 'CHAIR', 'BLACK', 1, 'Good Condition', 'None', '2023-00000073', 'Nasario Edullantes', '11-08-23'),
(108, 'GEMMA TANGINAN', 'LC', 'MONO-BLOCK CHAIR', 'GREEN', 2, 'Good Condition', 'None', '2023-00000074', 'Nasario Edullantes', '11-08-23'),
(109, 'GEMMA TANGINAN', 'LC', 'TAPE DISPENSER', 'RED', 1, 'Good Condition', 'None', '2023-00000075', 'Nasario Edullantes', '11-08-23'),
(110, 'GEMMA TANGINAN', 'LC', 'PUNCHER', 'BLACK', 1, 'Good Condition', 'None', '2023-00000076', 'Nasario Edullantes', '11-08-23'),
(111, 'GEMMA TANGINAN', 'LC', 'STAPLER', 'BLUE', 1, 'Good Condition', 'None', '2023-00000077', 'Nasario Edullantes', '11-08-23'),
(112, 'GEMMA TANGINAN', 'LC', 'SCISSOR', 'BLACK', 1, 'Good Condition', 'None', '2023-00000078', 'Nasario Edullantes', '11-08-23'),
(113, 'GEMMA TANGINAN', 'LC', 'WOODEN RACK', 'BROWN', 1, 'Good Condition', 'None', '2023-00000079', 'Nasario Edullantes', '11-08-23'),
(114, 'GEMMA TANGINAN', 'LC', 'SMALL ROUND TABLE', 'BROWN', 1, 'Good Condition', 'None', '2023-00000080', 'Nasario Edullantes', '11-08-23'),
(115, 'AMALIA CARPENTERO', 'LC', 'DUSTBIN', 'BLACK', 1, 'Good Condition', 'None', '2023-00000081', 'Nasario Edullantes', '11-08-23'),
(116, 'GEMMA TANGINAN', 'LC', 'CALCULATOR', 'CASIO', 1, 'Good Condition', 'None', '2023-00000082', 'Nasario Edullantes', '11-08-23'),
(117, 'QUEEN CRYSTEL TORREGOSA', 'LC', 'DESKTOP COMPUTER SET', 'KEYBOARD, MONITOR, MOUSE, UPS, SYSTEM UNIT,', 1, 'Good Condition', 'None', '2023-00000083', 'Nasario Edullantes', '11-08-23'),
(118, 'QUEEN CRYSTEL TORREGOSA', 'LC', 'EPSON PRINTER', 'EPSON L6190', 1, 'Good Condition', '2022', '2023-00000084', 'Nasario Edullantes', '11-08-23'),
(121, 'QUEEN CRYSTEL TORREGOSA', 'LC', 'CALCULATOR', 'CASIO HL-122TV', 1, 'Good Condition', 'None', '2023-00000085', 'NASARIO EDULLANTES', '11-08-23'),
(122, 'QUEEN CRYSTEL TORREGOSA', 'LC', 'LAPTOP', 'WITH CHARGER ', 1, 'Good', '2007', '2023-00000086', 'NASARIO EDULLANTES', '11-08-23'),
(123, 'QUEEN CRYSTEL TORREGOSA', 'LC', 'OFFICE TABLE', 'BROWNISH/WOOD TYPE', 3, 'Good', '2007', '2023-00000087', 'NASARIO EDULLANTES', '11-08-23'),
(124, 'QUEEN CRYSTEL TORREGOSA', 'LC', 'STAPLER', 'MAX STAPLER', 3, 'Good', '2007', '2023-00000088', 'NASARIO EDULLANTES', '11-08-23'),
(125, 'EMMIE LOU CHUA LABAJO', 'TR', 'LAPTOP', 'HUAWEI MATEBOOK D15 CORE I5 MYSTIC SILVER', 1, 'Good', '2021', '2023-00000089', 'ADRIAN POL PELIGRINO', '11-08-23'),
(126, 'QUEEN CRYSTEL TORREGOSA', 'LC', 'FILE TRAY', '3 LAYER TRAY, BLACK', 2, 'Good', '2007', '2023-00000090', 'NASARIO EDULLANTES', '11-08-23'),
(127, 'QUEEN CRYSTEL TORREGOSA', 'LC', 'FILE ORGANIZER', 'GREEN', 5, 'Good', '2007', '2023-00000091', 'NASARIO EDULLANTES', '11-08-23'),
(128, 'EMMIE LOU CHUA LABAJO', 'TR', 'MOUSE', 'MOUSE WIRELESS 4TECH MODEL 63-300N', 1, 'Good', '2023', '2023-00000092', 'ADRIAN POL PELIGRINO', '11-08-23'),
(129, 'QUEEN CRYSTEL TORREGOSA', 'LC', 'WOOD CHAIR', 'WOOD, SLIGHTLY BROWN', 1, 'Good', '2007', '2023-00000093', 'NASARIO EDULLANTES', '11-08-23'),
(130, 'EMMIE LOU CHUA LABAJO', 'TR', 'EXTERNAL HARD DRIVE', 'MY PASSPORT(LT-NET CAFE-MAR)', 1, 'Good', '2007', '2023-00000094', 'ADRIAN POL PELIGRINO', '11-08-23'),
(131, 'QUEEN CRYSTEL TORREGOSA', 'LC', 'MOBILE PHONE', 'TECHNO', 1, 'Good', '2007', '2023-00000095', 'NASARIO EDULLANTES', '11-08-23'),
(132, 'EMMIE LOU CHUA LABAJO', 'TR', 'LAPTOP CHARGER', 'HUAWEI LAPTOP CHARGER MODEL HW 200325UP0', 1, 'Good', '2021', '2023-00000096', 'ADRIAN POL PELIGRINO', '11-08-23'),
(133, 'QUEEN CRYSTEL TORREGOSA', 'LC', 'CABINET ', 'WHITE & BROWN', 2, 'Good', '2007', '2023-00000097', 'NASARIO EDULLANTES', '11-08-23'),
(134, 'EMMIE LOU CHUA LABAJO', 'TR', 'CELLPHONE', 'ANDROID PHONE TECHNO 10 PRO(SPARKS) 256 6BROM+ 16GB RAM', 1, 'Good', '2023', '2023-00000098', 'ADRIAN POL PELIGRINO', '11-08-23'),
(135, 'EMMIE LOU CHUA LABAJO', 'TR', 'CELLPHONE CHARGER', 'TECHNO SPARKS CHARGER', 1, 'Good', '2017', '2023-00000099', 'ADRIAN POL PELIGRINO', '11-08-23'),
(136, 'QUEEN CRYSTEL TORREGOSA', 'LC', 'CHARGER', 'WHITE', 1, 'Good', '2007', '2023-00000100', 'NASARIO EDULLANTES', '11-08-23'),
(137, 'EMMIE LOU CHUA LABAJO', 'TR', 'DOCUMENT TRAY', '3 LAYERS BLACK COLOR DOCUMENT TRAY', 1, 'Good', '2017', '2023-00000101', 'ADRIAN POL PELIGRINO', '11-08-23'),
(138, 'QUEEN CRYSTEL TORREGOSA', 'LC', 'SCISSOR', 'WHITE AND ORANGE', 2, 'Good', '2007', '2023-00000102', 'NASARIO EDULLANTES', '11-08-23'),
(139, 'EMMIE LOU CHUA LABAJO', 'TR', 'SWIVEL CHAIR', 'BIG SWIVEL CHAIR BLACK COLOR', 1, 'Good', '2023', '2023-00000103', 'ADRIAN POL PELIGRINO', '11-08-23'),
(140, 'QUEEN CRYSTEL TORREGOSA', 'LC', 'ELECTRIC FAN', 'ASTRON WHITE', 1, 'Good', '2007', '2023-00000104', 'NASARIO EDULLANTES', '11-08-23'),
(141, 'EMMIE LOU CHUA LABAJO', 'TR', 'TABLE', 'OFFICE TABLE', 1, 'Scrap', '2007', '2023-00000105', 'ADRIAN POL PELIGRINO', '11-08-23'),
(142, 'QUEEN CRYSTEL TORREGOSA', 'LC', 'SMALL WOOD RACK FILE ORGANIZER', 'BROWN', 2, 'Good', '2007', '2023-00000106', 'NASARIO EDULLANTES', '11-08-23'),
(143, 'QUEEN CRYSTEL TORREGOSA', 'LC', 'WATER DISPENSER', 'WHITE', 1, 'Good', '2007', '2023-00000107', 'NASARIO EDULLANTES', '11-08-23'),
(144, 'EMMIE LOU CHUA LABAJO', 'TR', 'TRASH BIN', 'SMALL TRASH BIN (PINK/BLACK COLOR)', 1, 'Scrap', '2019', '2023-00000108', 'ADRIAN POL PELIGRINO', '11-08-23'),
(145, 'QUEEN CRYSTEL TORREGOSA', 'LC', 'SOFA', 'BROWNISH', 2, 'Good', '2007', '2023-00000109', 'NASARIO EDULLANTES', '11-08-23'),
(146, 'EMMIE LOU CHUA LABAJO', 'TR', 'TAPE DISPENSER', 'BIG TAPE DISPENSER (BLACK COLOR)', 1, 'Scrap', '2011', '2023-00000110', 'ADRIAN POL PELIGRINO', '11-08-23'),
(147, 'QUEEN CRYSTEL TORREGOSA', 'LC', 'WHITE BOARD', '', 1, 'Good', '2007', '2023-00000111', 'NASARIO EDULLANTES', '11-08-23'),
(148, 'EMMIE LOU CHUA LABAJO', 'TR', 'PUNCHER', 'BIG PUNCHER (BLACK COLOR)', 1, 'Good', '2020', '2023-00000112', 'ADRIAN POL PELIGRINO', '11-08-23'),
(149, 'QUEEN CRYSTEL TORREGOSA', 'LC', 'TRASH CAN', 'BLUE AND GREEN', 1, 'Good', '2007', '2023-00000113', 'NASARIO EDULLANTES', '11-08-23'),
(150, 'QUEEN CRYSTEL TORREGOSA', 'LC', 'COCK BOARD', 'BROWN', 1, 'Good', '2007', '2023-00000114', 'NASARIO EDULLANTES', '11-08-23'),
(151, 'EMMIE LOU CHUA LABAJO', 'TR', 'STAPLER', 'MAX BRAND BIG STAPLER (BLACK COLOR)', 1, 'Good', '2020', '2023-00000115', 'ADRIAN POL PELIGRINO', '11-08-23'),
(152, 'QUEEN CRYSTEL TORREGOSA', 'LC', 'DUSTPAN', 'BLACK', 1, 'Good', '2023', '2023-00000116', 'NASARIO EDULLANTES', '11-08-23'),
(153, 'QUEEN CRYSTEL TORREGOSA', 'LC', 'MOP', 'BLUE', 1, 'Good', '2023', '2023-00000117', 'NASARIO EDULLANTES', '11-08-23'),
(154, 'QUEEN CRYSTEL TORREGOSA', 'LC', 'MINI CABINET', 'WHITE', 1, 'Good', '2023', '2023-00000118', 'NASARIO EDULLANTES', '11-08-23'),
(155, 'QUEEN CRYSTEL TORREGOSA', 'LC', 'WALL CLOCK', 'WHITE AND ORANGE', 1, 'Good', '2023', '2023-00000119', 'NASARIO EDULLANTES', '11-08-23'),
(156, 'EMMIE LOU CHUA LABAJO', 'TR', 'SCISSOR', 'SMALL SCISSOR ', 1, 'Good', '2020', '2023-00000120', 'ADRIAN POL PELIGRINO', '11-08-23'),
(157, 'QUEEN CRYSTEL TORREGOSA', 'LC', 'TAPE DISPENSER', 'BLUE AND GREEN', 2, 'Good', '2023', '2023-00000121', 'NASARIO EDULLANTES', '11-08-23'),
(158, 'EMMIE LOU CHUA LABAJO', 'TR', 'CUTTER', 'BIG DURABLE CUTTER (GREEN COLOR)', 1, 'Good', '2020', '2023-00000122', 'ADRIAN POL PELIGRINO', '11-08-23'),
(159, 'QUEEN CRYSTEL TORREGOSA', 'LC', 'OFFICE CHAIR', 'BLACK', 3, 'Good', '2023', '2023-00000123', 'NASARIO EDULLANTES', '11-08-23'),
(160, 'QUEEN CRYSTEL TORREGOSA', 'LC', 'PUNCHER', 'BLACK AND BLUE', 2, 'Good', '2022', '2023-00000124', 'NASARIO EDULLANTES', '11-08-23'),
(161, 'QUEEN CRYSTEL TORREGOSA', 'LC', 'EXTENSION WIRE', 'WHITE', 1, 'Good', '2023', '2023-00000125', 'NASARIO EDULLANTES', '11-08-23'),
(162, 'EMMIE LOU CHUA LABAJO', 'TR', 'EXTENSION WIRE', '2 METERS EXTENSION WIRE (WHITE COLOR)', 1, 'Good', '2020', '2023-00000126', 'ADRIAN POL PELIGRINO', '11-08-23'),
(163, 'EMMIE LOU CHUA LABAJO', 'TR', 'BARTER DONGLE', 'IRRIPLE DANGLE #105353', 1, 'Good', '2020', '2023-00000127', 'ADRIAN POL PELIGRINO', '11-08-23'),
(164, 'EMMIE LOU CHUA LABAJO', 'TR', 'CALCULATOR', '', 1, 'Scrap', 'None', '2023-00000128', 'ADRIAN POL PELIGRINO', '11-08-23'),
(165, 'EMMIE LOU CHUA LABAJO', 'TR', 'EPSON PRINTER', 'LQ3310', 1, 'Good', 'None', '2023-00000129', 'ADRIAN POL PELIGRINO', '11-08-23'),
(166, 'EMMIE LOU CHUA LABAJO', 'TR', 'WOODEN TRAY', '4 LAYERS', 1, 'Good', '2007', '2023-00000130', 'ADRIAN POL PELIGRINO', '11-08-23'),
(167, 'RENATO PENAFLOR', 'HR', 'TABLE', 'BROWN, 2 DRAWERS W/O LOCK FROM KORESKO MOTORPOOL', 1, 'Fair', '2007', '2023-00000131', 'NASARIO EDULLANTES', '11-08-23'),
(168, 'EMMIE LOU CHUA LABAJO', 'TR', 'OFFICE CHAIR ', 'GRAY COLOR', 2, 'Good', '2007', '2023-00000132', 'ADRIAN POL PELIGRINO', '11-08-23'),
(169, 'EMMIE LOU CHUA LABAJO', 'TR', 'OFFICE CHAIR', 'BLACK COLOR', 1, 'Scrap', '2007', '2023-00000133', 'ADRIAN POL PELIGRINO', '11-08-23'),
(170, 'RENATO PENAFLOR', 'HR', 'CHAIR', 'BROWN, W/ FOAM. KORESKO FROM MOTORPOOL', 2, 'Good', 'None', '2023-00000134', 'NASARIO EDULLANTES', '11-08-23'),
(171, 'RENATO PENAFLOR', 'HR', 'SWIVEL CHAIR', 'BLACK, BIG', 1, 'Good', 'None', '2023-00000135', 'NASARIO EDULLANTES', '11-08-23'),
(172, 'RENATO PENAFLOR', 'HR', 'CENTER TABLE', 'BROWN W/ DRAWER', 1, 'Good', 'None', '2023-00000136', 'NASARIO EDULLANTES', '11-08-23'),
(173, 'RENATO PENAFLOR', 'LC', '201 FILER (STEEDCAB)', 'WHITE, 3 FILERS', 1, 'Good', 'None', '2023-00000137', 'NASARIO EDULLANTES', '11-08-23'),
(174, 'RENATO PENAFLOR', 'HR', 'CABINET', '3 CLOSE DOOR AND OPEN FILER', 1, 'Good', 'None', '2023-00000138', 'NASARIO EDULLANTES', '11-08-23'),
(175, 'RENATO PENAFLOR', 'HR', 'CELLPHONE', 'OPPO A57 LIGHT BLACK W/ CHARGER', 1, 'Good', 'None', '2023-00000139', 'NASARIO EDULLANTES', '11-08-23'),
(176, 'EMMIE LOU CHUA LABAJO', 'TR', 'SEARCH FILE', '4 (BLACK) 1(GRAY)', 5, 'Good', 'None', '2023-00000140', 'ADRIAN POL PELIGRINO', '11-08-23'),
(177, 'RENATO PENAFLOR', 'HR', 'GLOBE PLAN SIM', 'GLOBE W/ PLAN', 1, 'Good', 'None', '2023-00000141', 'NASARIO EDULLANTES', '11-08-23'),
(178, 'EMMIE LOU CHUA LABAJO', 'TR', 'DATA FILE BOX', 'GREEN', 1, 'Good', 'None', '2023-00000142', 'ADRIAN POL PELIGRINO', '11-08-23'),
(179, 'RENATO PENAFLOR', 'HR', 'LAPTOP SET', 'MACREATOR , GRAY, CHARGER, BAG, MOUSE', 1, 'Good', 'None', '2023-00000143', 'NASARIO EDULLANTES', '11-08-23'),
(180, 'RENATO PENAFLOR', 'HR', 'ELECTRIC FAN', 'ASTRON , BLACK', 1, 'Good', 'None', '2023-00000144', 'NASARIO EDULLANTES', '11-08-23'),
(181, 'RENATO PENAFLOR', 'HR', 'WATER DISPENSER', 'WHITE, HOT AND WARM', 1, 'Good', 'None', '2023-00000145', 'NASARIO EDULLANTES', '11-08-23'),
(182, 'RENATO PENAFLOR', 'HR', 'WATER GALLOON', 'BLUE, TRANSPARENT', 1, 'Good', 'None', '2023-00000146', 'NASARIO EDULLANTES', '11-08-23'),
(183, 'RENATO PENAFLOR', 'HR', 'TRAY IN AND OUT', 'BLACK', 1, 'Good', 'None', '2023-00000147', 'NASARIO EDULLANTES', '11-08-23'),
(184, 'RENATO PENAFLOR', 'HR', 'TRASHBIN', 'ORANGE', 1, 'Good', 'None', '2023-00000148', 'NASARIO EDULLANTES', '11-08-23'),
(185, 'RENATO PENAFLOR', 'HR', 'CORK BOARD', 'BROWN', 1, 'Good', 'None', '2023-00000149', 'NASARIO EDULLANTES', '11-08-23'),
(186, 'RENATO PENAFLOR', 'HR', 'STAPLER', 'BALCK', 1, 'Good', 'None', '2023-00000150', 'NASARIO EDULLANTES', '11-08-23'),
(187, 'RENATO PENAFLOR', 'HR', 'PRINTER', 'EPSON COLORED', 1, 'Good', 'None', '2023-00000151', 'NASARIO EDULLANTES', '11-08-23'),
(188, 'RENATO PENAFLOR', 'HR', 'SCISSOR', 'BLACK', 1, 'Fair', 'None', '2023-00000152', 'NASARIO EDULLANTES', '11-08-23'),
(189, 'RENATO PENAFLOR', 'HR', 'GLASS BOARD', 'TRANSPARENT', 1, 'Good', 'None', '2023-00000153', 'NASARIO EDULLANTES', '11-08-23'),
(190, 'RENATO PENAFLOR', 'HR', 'WOODEN CABINET', '3 FILER', 1, 'Good', 'None', '2023-00000154', 'NASARIO EDULLANTES', '11-08-23'),
(191, 'RENATO PENAFLOR', 'HR', 'CALCULATOR', 'SMALL AND BIG', 2, 'Good', 'None', '2023-00000155', 'NASARIO EDULLANTES', '11-08-23'),
(192, 'RENATO PENAFLOR', 'HR', 'WALL CLOCK', 'GRAY', 1, 'Good', 'None', '2023-00000156', 'NASARIO EDULLANTES', '11-08-23'),
(193, 'KESSEL JOY SELMA', 'HR', 'TABLE', 'BROWN, W/ 2 DRAWER W/O LOCK KORESKO FROM MOTORPOOL', 1, 'Good', 'None', '2023-00000157', 'NASARIO EDULLANTES', '11-08-23'),
(194, 'KESSEL JOY SELMA', 'HR', 'CHAIR', 'BROWN W/ FOAM . KORESKO FROM MOTORPOOL', 2, 'Good', 'None', '2023-00000158', 'NASARIO EDULLANTES', '11-08-23'),
(195, 'KESSEL JOY SELMA', 'HR', 'SWIVEL CHAIR', 'BLACK, BIG', 1, 'Good', 'None', '2023-00000159', 'NASARIO EDULLANTES', '11-08-23'),
(196, 'KESSEL JOY SELMA', 'HR', 'CABINET', 'CREAM, W/ 5 FILERS', 1, 'Good', 'None', '2023-00000160', 'NASARIO EDULLANTES', '11-08-23'),
(197, 'KESSEL JOY SELMA', 'HR', 'CELLPHONE', 'OPPO A57 LIGHT GREEN W/ CHARGER', 1, 'Good', 'None', '2023-00000161', 'NASARIO EDULLANTES', '11-08-23'),
(198, 'KESSEL JOY SELMA', 'HR', 'GLOBE PLAN SIM', 'GLOBE WITH 1,098 PLAN', 1, 'Good', 'None', '2023-00000162', 'NASARIO EDULLANTES', '11-08-23'),
(199, 'KESSEL JOY SELMA', 'HR', 'LAPTOP SET', 'GRAY, LENOVO, W/ CHARGER, MOUSE, BAG', 1, 'Good', 'None', '2023-00000163', 'NASARIO EDULLANTES', '11-08-23'),
(200, 'KESSEL JOY SELMA', 'HR', 'EXTENSION WIRE', 'WHITE', 1, 'Good', 'None', '2023-00000164', 'NASARIO EDULLANTES', '11-08-23'),
(202, 'KESSEL JOY SELMA', 'HR', 'CABINET', 'WHITE W/ 3 FILERS', 1, 'Good', 'None', '2023-00000165', 'NASARIO EDULLANTES', '11-08-23'),
(203, 'KESSEL JOY SELMA', 'HR', '201 FILER', 'GREEN', 4, 'Good', 'None', '2023-00000166', 'NASARIO EDULLANTES', '11-08-23'),
(204, 'KESSEL JOY SELMA', 'HR', 'ELECTRIC FAN (XFAN)', 'BLACK/BLUE', 1, 'Good', 'None', '2023-00000167', 'NASARIO EDULLANTES', '11-08-23'),
(205, 'KESSEL JOY SELMA', 'HR', 'WATER DISPENSER', 'WHITE, COLD NOT WORKING', 1, 'Fair', 'None', '2023-00000168', 'NASARIO EDULLANTES', '11-08-23'),
(206, 'KESSEL JOY SELMA', 'HR', 'WATER GALLOON', 'BLUE, TRANSPARENT', 3, 'Good', 'None', '2023-00000169', 'NASARIO EDULLANTES', '11-08-23'),
(207, 'KESSEL JOY SELMA', 'HR', 'TRAY IN AND OUT', 'BLACK', 1, 'Good', 'None', '2023-00000170', 'NASARIO EDULLANTES', '11-08-23'),
(208, 'KESSEL JOY SELMA', 'HR', 'TRASHBIN', 'ORANGE', 1, 'Good', 'None', '2023-00000171', 'NASARIO EDULLANTES', '11-08-23'),
(209, 'KESSEL JOY SELMA', 'HR', 'CORK BOARD', 'BROWN', 1, 'Good', 'None', '2023-00000172', 'NASARIO EDULLANTES', '11-08-23'),
(210, 'KESSEL JOY SELMA', 'HR', 'STAPLER', 'GREEN', 1, 'Good', 'None', '2023-00000173', 'NASARIO EDULLANTES', '11-08-23'),
(211, 'KESSEL JOY SELMA', 'HR', 'PRINTER ', 'BROTHER 3/1', 1, 'Good', 'None', '2023-00000174', 'NASARIO EDULLANTES', '11-08-23'),
(212, 'KESSEL JOY SELMA', 'HR', 'PRINTER', 'EPSON L3110', 1, 'Good', 'None', '2023-00000175', 'NASARIO EDULLANTES', '11-08-23'),
(213, 'KESSEL JOY SELMA', 'HR', 'WEIGHING SCALE', 'BLACK', 1, 'Good', 'None', '2023-00000176', 'NASARIO EDULLANTES', '11-08-23'),
(214, 'KESSEL JOY SELMA', 'HR', 'HIGHBLOOD MONITORING ', 'AUTOMATIC', 1, 'Good', 'None', '2023-00000177', 'NASARIO EDULLANTES', '11-08-23'),
(215, 'KESSEL JOY SELMA', 'HR', 'HIGHBLOOD MONITORING ', 'MANUAL', 1, 'Good', 'None', '2023-00000178', 'NASARIO EDULLANTES', '11-08-23'),
(216, 'KESSEL JOY SELMA', 'HR', 'MEDICINE BOX', 'TRANSPARENT AND BIG SIZE', 1, 'Good', 'None', '2023-00000179', 'NASARIO EDULLANTES', '11-08-23'),
(217, 'KESSEL JOY SELMA', 'HR', 'BOX', 'TRANSPARENT AND SMALL SIZE', 1, 'Good', 'None', '2023-00000180', 'NASARIO EDULLANTES', '11-08-23'),
(218, 'KESSEL JOY SELMA', 'HR', 'HOT AND COLD COMPRESS', 'COLOR RED', 1, 'Good', 'None', '2023-00000181', 'NASARIO EDULLANTES', '11-08-23'),
(219, 'KESSEL JOY SELMA', 'HR', 'PRINTER DIVIDER', '', 1, 'Good', 'None', '2023-00000182', 'NASARIO EDULLANTES', '11-08-23'),
(220, 'KESSEL JOY SELMA', 'HR', 'DISPENSER', 'DIVIDER, ORANGE', 1, 'Good', 'None', '2023-00000183', 'NASARIO EDULLANTES', '11-08-23'),
(221, 'KESSEL JOY SELMA', 'HR', 'SCISSOR', 'GREEN, SMALL', 1, 'Fair', 'None', '2023-00000184', 'NASARIO EDULLANTES', '11-08-23'),
(222, 'KESSEL JOY SELMA', 'HR', 'RULER', '', 1, 'Good', 'None', '2023-00000185', 'NASARIO EDULLANTES', '11-08-23'),
(223, 'KESSEL JOY SELMA', 'HR', 'WALL CLOCK', 'PEACH COLOR', 1, 'Good', 'None', '2023-00000186', 'NASARIO EDULLANTES', '11-08-23'),
(224, 'KESSEL JOY SELMA', 'HR', 'SOFA', '', 1, 'Good', 'None', '2023-00000187', 'NASARIO EDULLANTES', '11-08-23'),
(225, 'KESSEL JOY SELMA', 'HR', 'DUST PAN', '', 1, 'Good', 'None', '2023-00000188', 'NASARIO EDULLANTES', '11-08-23'),
(226, 'KESSEL JOY SELMA', 'HR', 'SILHIG', '', 1, 'Good', 'None', '2023-00000189', 'NASARIO EDULLANTES', '11-08-23'),
(227, 'KAREN JOY JAKOSALEM', 'HR', 'LAPTOP SET', 'MD MAY 19, 2018, W/ MOUSE, MOUSEPAD, BAG, CHARGER', 1, 'Good', 'None', '2023-00000190', 'NASARIO EDULLANTES', '11-08-23'),
(228, 'KAREN JOY JAKOSALEM', 'HR', 'TABLE', 'BROWN', 1, 'Good', 'None', '2023-00000191', 'NASARIO EDULLANTES', '11-08-23'),
(229, 'KAREN JOY JAKOSALEM', 'HR', 'OFFICE CHAIR', 'BLACK', 1, 'Good', 'None', '2023-00000192', 'NASARIO EDULLANTES', '11-08-23'),
(230, 'KAREN JOY JAKOSALEM', 'HR', 'PUNCHER', 'BLACK', 1, 'Good', 'None', '2023-00000193', 'NASARIO EDULLANTES', '11-08-23'),
(232, 'KAREN JOY JAKOSALEM', 'HR', 'SCISSOR', 'GREEN', 1, 'Good', 'None', '2023-00000194', 'NASARIO EDULLANTES', '11-08-23'),
(233, 'KAREN JOY JAKOSALEM', 'HR', 'CALCULATOR', 'BLACK', 1, 'Good', 'None', '2023-00000195', 'NASARIO EDULLANTES', '11-08-23'),
(234, 'KAREN JOY JAKOSALEM', 'HR', 'IN AND OUT TRAY', 'BLACK', 1, 'Good', 'None', '2023-00000196', 'NASARIO EDULLANTES', '11-08-23'),
(235, 'KAREN JOY JAKOSALEM', 'HR', 'RULER', '', 1, 'Good', 'None', '2023-00000197', 'NASARIO EDULLANTES', '11-08-23'),
(236, 'KAREN JOY JAKOSALEM', 'HR', 'TRASH CAN', 'ORANGE', 1, 'Good', 'None', '2023-00000198', 'NASARIO EDULLANTES', '11-08-23'),
(237, 'KAREN JOY JAKOSALEM', 'HR', 'EXTENSION WIRE', 'WHITE', 1, 'Good', 'None', '2023-00000199', 'NASARIO EDULLANTES', '11-08-23'),
(238, 'KAREN JOY JAKOSALEM', 'HR', 'PLASTIC TRAY', 'GREEN', 1, 'Good', 'None', '2023-00000200', 'NASARIO EDULLANTES', '11-08-23'),
(239, 'KAREN JOY JAKOSALEM', 'HR', 'PLASTIC TRAY', 'PINK', 1, 'Good', 'None', '2023-00000201', 'NASARIO EDULLANTES', '11-08-23'),
(240, 'KAREN JOY JAKOSALEM', 'HR', 'FRAME', 'BROWN', 1, 'Good', 'None', '2023-00000202', 'NASARIO EDULLANTES', '11-08-23'),
(241, 'KAREN JOY JAKOSALEM', 'HR', 'STAPLER', 'BROWN/BLUE', 2, 'Good', 'None', '2023-00000203', 'NASARIO EDULLANTES', '11-08-23'),
(242, 'JEASLE ACOSTA', 'HR', 'TABLE', 'BROWN', 1, 'Good', 'None', '2023-00000204', 'NASARIO EDULLANTES', '11-09-23'),
(243, 'JEASLE ACOSTA', 'HR', 'SWIVEL CHAIR', 'BLACK AND SILVER', 1, 'Good', 'None', '2023-00000205', 'NASARIO EDULLANTES', '11-09-23'),
(244, 'JEASLE ACOSTA', 'HR', 'FOLDERS', 'BROWN AND WHITE', 17, 'Good', 'None', '2023-00000206', 'NASARIO EDULLANTES', '11-09-23'),
(245, 'JEASLE ACOSTA', 'HR', 'BINDER CLIPS', 'FOUR BLACK 1 BLUE', 5, 'Good', 'None', '2023-00000207', 'NASARIO EDULLANTES', '11-09-23'),
(246, 'JEASLE ACOSTA', 'HR', 'HIGHLIGHTER PEN', 'CELLO, PEACH', 1, 'Good', 'None', '2023-00000208', 'NASARIO EDULLANTES', '11-09-23'),
(247, 'JEASLE ACOSTA', 'HR', 'BROWN ENVELOPE', 'LONG', 4, 'Good', 'None', '2023-00000209', 'NASARIO EDULLANTES', '11-09-23'),
(248, 'JEASLE ACOSTA', 'HR', 'EXPANDING ENVELOPE', 'BROWN (MRF)', 1, 'Good', 'None', '2023-00000210', 'NASARIO EDULLANTES', '11-09-23'),
(249, 'JEASLE ACOSTA', 'HR', 'SCISSOR', 'SMALL, MEDIUM, LARGE, (2 BLUE, 1 RED)', 3, 'Good', 'None', '2023-00000211', 'NASARIO EDULLANTES', '11-09-23'),
(250, 'JEASLE ACOSTA', 'HR', 'PAPER FASTENER', '1 BOX', 1, 'Good', 'None', '2023-00000212', 'NASARIO EDULLANTES', '11-09-23'),
(251, 'JEASLE ACOSTA', 'HR', 'DOUBLE SIDED TAPE', 'WHITE', 1, 'Good', 'None', '2023-00000213', 'NASARIO EDULLANTES', '11-09-23'),
(252, 'JEASLE ACOSTA', 'HR', 'STAPLER', 'BLUE', 1, 'Good', 'None', '2023-00000214', 'NASARIO EDULLANTES', '11-09-23'),
(253, 'JEASLE ACOSTA', 'HR', 'ALCOHOL GREEN CROSS 500ML', '', 1, 'Good', 'None', '2023-00000215', 'NASARIO EDULLANTES', '11-09-23'),
(254, 'JEASLE ACOSTA', 'HR', 'TAPE DISPENSER', 'RED', 1, 'Good', 'None', '2023-00000216', 'NASARIO EDULLANTES', '11-09-23'),
(255, 'JEASLE ACOSTA', 'HR', 'SMALL RACK', '', 1, 'Good', 'None', '2023-00000217', 'NASARIO EDULLANTES', '11-09-23'),
(256, 'JEASLE ACOSTA', 'HR', 'LAPTOP MACHCREATOR AAT6USS, SET', 'BAG, MOUSE, CHARGER', 1, 'Good', 'None', '2023-00000218', 'NASARIO EDULLANTES', '11-09-23'),
(257, 'JEASLE ACOSTA', 'HR', 'BUSINESS ID/ CALLING CARD BOX', 'SMALL, WHITE', 1, 'Good', 'None', '2023-00000219', 'NASARIO EDULLANTES', '11-09-23'),
(258, 'SHEILA MAE A. ROMERO', 'HR', 'LAPTOP SET', 'BAG, CHARGER, MOUSE', 1, 'Good', 'None', '2023-00000220', 'NASARIO EDULLANTES', '11-09-23'),
(259, 'SHEILA MAE A. ROMERO', 'HR', 'CELLPHONE', 'SAMSUNG AND TECHNO, SAMSUNG IN NOT CONDITION', 2, 'Good', 'None', '2023-00000221', 'NASARIO EDULLANTES', '11-09-23'),
(260, 'SHEILA MAE A. ROMERO', 'HR', 'CHAIR', '', 1, 'Good', 'None', '2023-00000222', 'NASARIO EDULLANTES', '11-09-23'),
(261, 'SHEILA MAE A. ROMERO', 'HR', 'BOARD ERASER', 'BLACK', 1, 'Good', 'None', '2023-00000223', 'NASARIO EDULLANTES', '11-09-23'),
(262, 'SHEILA MAE A. ROMERO', 'HR', 'MARKER PILOT', 'BLUE', 1, 'Good', 'None', '2023-00000224', 'NASARIO EDULLANTES', '11-09-23'),
(263, 'SHEILA MAE A. ROMERO', 'HR', 'TRASH CAN', '', 1, 'Good', 'None', '2023-00000225', 'NASARIO EDULLANTES', '11-09-23'),
(264, 'SHEILA MAE A. ROMERO', 'HR', 'EXTENSION WIRE', '', 1, 'Good', 'None', '2023-00000226', 'NASARIO EDULLANTES', '11-09-23'),
(265, 'SHEILA MAE A. ROMERO', 'HR', 'NOTEBOOK', '', 1, 'Good', 'None', '2023-00000227', 'NASARIO EDULLANTES', '11-09-23'),
(266, 'SHEILA MAE A. ROMERO', 'HR', 'CLEARBOOK', '', 1, 'Good', 'None', '2023-00000228', 'NASARIO EDULLANTES', '11-09-23'),
(267, 'SHEILA MAE A. ROMERO', 'HR', 'PAPER CLIP', '', 1, 'Good', 'None', '2023-00000229', 'NASARIO EDULLANTES', '11-09-23'),
(268, 'SHEILA MAE A. ROMERO', 'HR', 'PAPER FASTENER', '', 1, 'Good', 'None', '2023-00000230', 'NASARIO EDULLANTES', '11-09-23'),
(269, 'SHEILA MAE A. ROMERO', 'HR', 'USB CORD CONNECTOR', '', 1, 'Good', 'None', '2023-00000231', 'NASARIO EDULLANTES', '11-09-23'),
(270, 'SHEILA MAE A. ROMERO', 'HR', 'BOOK SHELVES', '', 1, 'Good', 'None', '2023-00000232', 'NASARIO EDULLANTES', '11-09-23'),
(271, 'SHEILA MAE A. ROMERO', 'HR', 'TABLE', '', 1, 'Good', 'None', '2023-00000233', 'NASARIO EDULLANTES', '11-09-23'),
(272, 'SHEILA MAE A. ROMERO', 'HR', 'SHARPENER', '', 1, 'Good', 'None', '2023-00000234', 'NASARIO EDULLANTES', '11-09-23'),
(273, 'PIARRE ANGILE T. PATOSA', 'HR', 'TABLE', 'BROWN', 1, 'Good', 'None', '2023-00000235', 'NASARIO EDULLANTES', '11-09-23'),
(274, 'PIARRE ANGILE T. PATOSA', 'HR', 'OFFICE CHAIR', 'BLACK', 1, 'Good', 'None', '2023-00000236', 'NASARIO EDULLANTES', '11-09-23'),
(275, 'PIARRE ANGILE T. PATOSA', 'HR', 'TRAY', 'BLACK, 3 COMPARTMENT', 1, 'Good', 'None', '2023-00000237', 'NASARIO EDULLANTES', '11-09-23'),
(276, 'PIARRE ANGILE T. PATOSA', 'HR', 'LAPTOP W/ CHARGER', 'LENOVO BLACK', 1, 'Good', 'None', '2023-00000238', 'NASARIO EDULLANTES', '11-09-23'),
(277, 'PIARRE ANGILE T. PATOSA', 'HR', 'STAPLER', 'BLACK', 1, 'Good', 'None', '2023-00000239', 'NASARIO EDULLANTES', '11-09-23'),
(278, 'PIARRE ANGILE T. PATOSA', 'HR', 'WOODEN DIVIDER', 'BROWN', 1, 'Good', 'None', '2023-00000240', 'NASARIO EDULLANTES', '11-09-23'),
(279, 'NEMPHA J. MANRAWAT', 'HR', 'OFFICE TABLE', 'BROWN, BROWN FLOORMAT, 2 DRAWER W/O LOCK, WITH COMPARTMENT', 1, 'Fair', 'None', '2023-00000241', 'NASARIO EDULLANTES', '11-09-23'),
(280, 'NEMPHA J. MANRAWAT', 'HR', 'OFFICE CHAIR', 'BLACK, REGULAR SIZE', 1, 'Good', 'None', '2023-00000242', 'NASARIO EDULLANTES', '11-09-23'),
(281, 'NEMPHA J. MANRAWAT', 'HR', 'OFFICE CHAIR', 'BLACK, REGULAR SIZE', 1, 'Good', 'None', '2023-00000243', 'NASARIO EDULLANTES', '11-09-23'),
(282, 'NEMPHA J. MANRAWAT', 'HR', 'IN AND OUT TRAY', 'BLACK, 3 COMPARTMENT', 1, 'Good', 'None', '2023-00000244', 'NASARIO EDULLANTES', '11-09-23'),
(283, 'NEMPHA J. MANRAWAT', 'HR', 'LAPTOP SET', 'LENOVO IDEAPAD L3 I5, W/ CHARGER, MOUSE,', 1, 'Good', 'None', '2023-00000245', 'NASARIO EDULLANTES', '11-09-23'),
(284, 'NEMPHA J. MANRAWAT', 'HR', 'LENOVO MOUSE', 'WIRELESS', 1, 'Good', 'None', '2023-00000246', 'NASARIO EDULLANTES', '11-09-23'),
(285, 'NEMPHA J. MANRAWAT', 'HR', 'LENOVO MOUSE', 'WIRELESS', 1, 'Good', 'None', '2023-00000247', 'NASARIO EDULLANTES', '11-09-23'),
(286, 'NEMPHA J. MANRAWAT', 'HR', 'LENOVO MOUSE', 'WIRELESS', 1, 'Good', 'None', '2023-00000248', 'NASARIO EDULLANTES', '11-09-23'),
(287, 'NEMPHA J. MANRAWAT', 'HR', 'CELLPHONE', 'HUAWEI Y7A W/ CHARGER', 1, 'Good', 'None', '2023-00000249', 'NASARIO EDULLANTES', '11-09-23'),
(288, 'NEMPHA J. MANRAWAT', 'HR', 'GLOBE PLAN SIM', 'REGULAR PLAN 799', 1, 'Good', 'None', '2023-00000250', 'NASARIO EDULLANTES', '11-09-23'),
(289, 'NEMPHA J. MANRAWAT', 'HR', 'STAPLER', 'BLACK', 1, 'Good', 'None', '2023-00000251', 'NASARIO EDULLANTES', '11-09-23'),
(290, 'NEMPHA J. MANRAWAT', 'HR', 'SCISSOR', 'BLACK, SMALL', 1, 'Good', 'None', '2023-00000252', 'NASARIO EDULLANTES', '11-09-23'),
(291, 'NEMPHA J. MANRAWAT', 'HR', 'RULER', 'TRANSPARENT PLASTIC', 1, 'Good', 'None', '2023-00000253', 'NASARIO EDULLANTES', '11-09-23'),
(292, 'NEMPHA J. MANRAWAT', 'HR', 'STAPLER WIRE REMOVER', 'RED, SMALL', 1, 'Good', 'None', '2023-00000254', 'NASARIO EDULLANTES', '11-09-23'),
(293, 'NEMPHA J. MANRAWAT', 'HR', 'MINI PUNCHER', 'BLUE, SMALL', 1, 'Good', 'None', '2023-00000255', 'NASARIO EDULLANTES', '11-09-23'),
(294, 'NEMPHA J. MANRAWAT', 'HR', 'STAMP PAD', 'BLACK', 1, 'Good', 'None', '2023-00000256', 'NASARIO EDULLANTES', '11-09-23'),
(295, 'NEMPHA J. MANRAWAT', 'HR', 'CORK BOARD', '2X1.5', 1, 'Good', 'None', '2023-00000257', 'NASARIO EDULLANTES', '11-09-23'),
(296, 'NEMPHA J. MANRAWAT', 'HR', 'TRASH BIN', 'GRAY, SMALL W/O COVER', 1, 'Good', 'None', '2023-00000258', 'NASARIO EDULLANTES', '11-09-23'),
(297, 'NEMPHA J. MANRAWAT', 'HR', 'WOODEN FILER', 'PINK', 1, 'Good', 'None', '2023-00000259', 'NASARIO EDULLANTES', '11-09-23'),
(298, 'NEMPHA J. MANRAWAT', 'HR', 'BROWN CABINET', 'W/ 2 DOORS W/ LOCK', 1, 'Good', 'None', '2023-00000260', 'NASARIO EDULLANTES', '11-09-23'),
(299, 'VANESSA LOJA', 'BI', 'LAPTOP ', 'LENOVO W/ CHARGER AND MOUSE', 1, '', '', '2023-00000261', 'NASARIO EDULLANTES', '11-09-23'),
(300, 'VANESSA LOJA', 'BI', 'TABLE', 'BROWN, W/ 4 DRAWER', 1, '', '', '2023-00000262', 'NASARIO EDULLANTES', '11-09-23'),
(301, 'VANESSA LOJA', 'BI', 'CHAIR', '', 1, '', '', '2023-00000263', 'NASARIO EDULLANTES', '11-09-23'),
(302, 'VANESSA LOJA', 'BI', 'CELLPHONE', 'SAMSUNG', 1, '', '', '2023-00000264', 'NASARIO EDULLANTES', '11-09-23'),
(303, 'VANESSA LOJA', 'BI', 'CALCULATOR', 'CASIO', 1, '', '', '2023-00000265', 'NASARIO EDULLANTES', '11-09-23'),
(304, 'VANESSA LOJA', 'BI', 'STAPLER', '', 1, '', '', '2023-00000266', 'NASARIO EDULLANTES', '11-09-23'),
(305, 'VANESSA LOJA', 'BI', 'WOOD DIVIDER', '', 1, '', '', '2023-00000267', 'NASARIO EDULLANTES', '11-09-23'),
(306, 'VANESSA LOJA', 'BI', 'FILER', '', 1, '', '', '2023-00000268', 'NASARIO EDULLANTES', '11-09-23'),
(314, 'SARAH JEAN DAEL', 'BI', 'LENOVO (LAPTOP)', 'COLOR: BLACK', 1, 'Good', '', '2023-00000269', 'ADRIAN POL PELIGRINO', '11-13-23'),
(315, 'SARAH JEAN DAEL', 'BI', 'LAPTOP CHARGER', 'COLOR: BLACK', 1, 'Good', '', '2023-00000270', 'ADRIAN POL PELIGRINO', '11-13-23'),
(316, 'SARAH JEAN DAEL', 'BI', 'FILE TRAY', 'COLOR: BLACK, 3 LAYERS', 1, 'Good', '', '2023-00000271', 'ADRIAN POL PELIGRINO', '11-13-23'),
(317, 'SARAH JEAN DAEL', 'BI', 'STAPLER', 'COLOR: BLACK WITH REMOVER', 1, 'Good', '', '2023-00000272', 'ADRIAN POL PELIGRINO', '11-13-23'),
(318, 'SARAH JEAN DAEL', 'BI', 'STAPLER', 'COLOR: BLACK WITH REMOVER', 1, 'Good', '', '2023-00000272', 'ADRIAN POL PELIGRINO', '11-13-23'),
(319, 'SARAH JEAN DAEL', 'BI', 'MPBILE PHONE', 'COLOR: BLACK WITH BLACK COVER CASE', 1, 'Good', '', '2023-00000273', 'ADRIAN POL PELIGRINO', '11-13-23'),
(320, 'SARAH JEAN DAEL', 'BI', 'TAPE DISPENSER', 'COLOR: BLACK', 1, 'Good', '', '2023-00000274', 'ADRIAN POL PELIGRINO', '11-13-23');

-- --------------------------------------------------------

--
-- Table structure for table `assets_series`
--

CREATE TABLE `assets_series` (
  `id` int(11) NOT NULL,
  `series_number` varchar(20) NOT NULL
) ENGINE=InnoDB DEFAULT CHARSET=utf8mb4 COLLATE=utf8mb4_general_ci;

--
-- Dumping data for table `assets_series`
--

INSERT INTO `assets_series` (`id`, `series_number`) VALUES
(1, '00000274');

-- --------------------------------------------------------

--
-- Table structure for table `bd_deliveries`
--

CREATE TABLE `bd_deliveries` (
  `id` int(11) NOT NULL,
  `project_type_id` int(11) NOT NULL,
  `project_name` varchar(255) NOT NULL,
  `bm_no` varchar(50) NOT NULL,
  `lgu_id` int(11) NOT NULL,
  `1st_po_no` varchar(255) NOT NULL,
  `1st_total_quantity` varchar(255) NOT NULL,
  `1st_total_amount` double NOT NULL,
  `2nd_po_no` varchar(255) NOT NULL,
  `2nd_total_quantity` varchar(255) NOT NULL,
  `2nd_total_amount` double NOT NULL,
  `3rd_po_no` varchar(255) NOT NULL,
  `3rd_total_quantity` varchar(255) NOT NULL,
  `3rd_total_amount` double NOT NULL,
  `4th_po_no` varchar(255) NOT NULL,
  `4th_total_quantity` varchar(255) NOT NULL,
  `4th_total_amount` double NOT NULL,
  `5th_po_no` varchar(255) NOT NULL,
  `5th_total_quantity` varchar(255) NOT NULL,
  `5th_total_amount` double NOT NULL,
  `dr_no` varchar(255) NOT NULL,
  `dr_date` varchar(10) NOT NULL,
  `is_paid` tinyint(1) NOT NULL
) ENGINE=InnoDB DEFAULT CHARSET=utf8mb4 COLLATE=utf8mb4_general_ci;

--
-- Dumping data for table `bd_deliveries`
--

INSERT INTO `bd_deliveries` (`id`, `project_type_id`, `project_name`, `bm_no`, `lgu_id`, `1st_po_no`, `1st_total_quantity`, `1st_total_amount`, `2nd_po_no`, `2nd_total_quantity`, `2nd_total_amount`, `3rd_po_no`, `3rd_total_quantity`, `3rd_total_amount`, `4th_po_no`, `4th_total_quantity`, `4th_total_amount`, `5th_po_no`, `5th_total_quantity`, `5th_total_amount`, `dr_no`, `dr_date`, `is_paid`) VALUES
(118, 4, 'IT SUPPLIES', 'BM202420', 5, '168', '1', 500, '', '', 0, '', '', 0, '', '', 0, '', '', 0, '1', '03/21/2024', 1),
(119, 4, 'IT SUPPLIES', 'BM202421', 5, '169', '1', 100, '171', '1', 100, '172', '1', 100, '170', '1', 100, '173', '1', 100, '123', '03/29/2024', 1);

-- --------------------------------------------------------

--
-- Table structure for table `bd_expense`
--

CREATE TABLE `bd_expense` (
  `id` int(11) NOT NULL,
  `project_name` varchar(255) NOT NULL,
  `project_type_id` int(11) NOT NULL,
  `bm_no` varchar(50) NOT NULL,
  `lgu_id` int(11) NOT NULL,
  `expense_type` varchar(255) NOT NULL,
  `total_amount` double NOT NULL,
  `remarks` text NOT NULL
) ENGINE=InnoDB DEFAULT CHARSET=utf8mb4 COLLATE=utf8mb4_general_ci;

-- --------------------------------------------------------

--
-- Table structure for table `bd_lgu`
--

CREATE TABLE `bd_lgu` (
  `id` int(11) NOT NULL,
  `lgu_code` varchar(100) NOT NULL,
  `lgu_name` varchar(100) NOT NULL,
  `municipality_id` int(11) NOT NULL
) ENGINE=InnoDB DEFAULT CHARSET=utf8mb4 COLLATE=utf8mb4_general_ci;

--
-- Dumping data for table `bd_lgu`
--

INSERT INTO `bd_lgu` (`id`, `lgu_code`, `lgu_name`, `municipality_id`) VALUES
(5, 'LGU-DANGCAGAN', 'LGU-DANGCAGAN', 8);

-- --------------------------------------------------------

--
-- Table structure for table `bd_municipality`
--

CREATE TABLE `bd_municipality` (
  `id` int(11) NOT NULL,
  `municipality_name` varchar(100) NOT NULL,
  `address` varchar(100) NOT NULL
) ENGINE=InnoDB DEFAULT CHARSET=utf8mb4 COLLATE=utf8mb4_general_ci;

--
-- Dumping data for table `bd_municipality`
--

INSERT INTO `bd_municipality` (`id`, `municipality_name`, `address`) VALUES
(4, 'MARAMAG', 'MARAMAG, BUKIDNON'),
(5, 'KIBAWE', 'KIBAWE, BUKIDNON'),
(6, 'PANGANTUCAN', 'PANGANTUCAN, BUKIDNON'),
(7, 'DON CARLOS', 'DON CARLOS, BUKIDNON'),
(8, 'DANGCAGAN', 'DANGCAGAN, BUKIDNON'),
(9, 'KITAOTAO', 'KITAOTAO, BUKIDNON'),
(10, 'QUEZON', 'QUEZON, BUKIDNON'),
(11, 'VALENCIA', 'VALENCIA CITY, BUKIDNON'),
(12, 'MALAYBALAY', 'MALAYBALAY CITY, BUKIDNON'),
(13, 'MANOLO', 'MANOLO FORTICH, BUKIDNON');

-- --------------------------------------------------------

--
-- Table structure for table `bd_payments`
--

CREATE TABLE `bd_payments` (
  `id` int(11) NOT NULL,
  `project_type_id` int(11) NOT NULL,
  `project_name` varchar(255) NOT NULL,
  `bm_no` varchar(50) NOT NULL,
  `lgu_id` int(11) NOT NULL,
  `po_no` varchar(50) NOT NULL,
  `dr_no` varchar(50) NOT NULL,
  `dr_date` varchar(10) NOT NULL,
  `delivered_total_quantity` varchar(255) NOT NULL,
  `delivered_total_amount` double NOT NULL,
  `remaining_balance` varchar(255) NOT NULL,
  `bill_no` varchar(50) NOT NULL,
  `bill_date` varchar(10) NOT NULL,
  `bill_quantity` varchar(255) NOT NULL,
  `bill_amount` double NOT NULL,
  `payment_mode` varchar(20) NOT NULL,
  `payment_date` varchar(20) NOT NULL,
  `payment_amount` double NOT NULL,
  `payment_receipt_number` varchar(255) NOT NULL,
  `1st_bill_no` varchar(50) NOT NULL,
  `1st_payment_mode` varchar(20) NOT NULL,
  `1st_payment_date` varchar(20) NOT NULL,
  `1st_payment_amount` double NOT NULL,
  `1st_payment_receipt_number` varchar(255) NOT NULL,
  `2nd_bill_no` varchar(50) NOT NULL,
  `2nd_payment_mode` varchar(20) NOT NULL,
  `2nd_payment_date` varchar(20) NOT NULL,
  `2nd_payment_amount` double NOT NULL,
  `2nd_payment_receipt_number` varchar(255) NOT NULL,
  `3rd_bill_no` varchar(50) NOT NULL,
  `3rd_payment_mode` varchar(20) NOT NULL,
  `3rd_payment_date` varchar(20) NOT NULL,
  `3rd_payment_amount` double NOT NULL,
  `3rd_payment_receipt_number` varchar(255) NOT NULL,
  `4th_payment_mode` varchar(20) NOT NULL,
  `4th_bill_no` varchar(50) NOT NULL,
  `4th_payment_date` varchar(20) NOT NULL,
  `4th_payment_amount` double NOT NULL,
  `4th_payment_receipt_number` varchar(255) NOT NULL,
  `5th_bill_no` varchar(50) NOT NULL,
  `5th_payment_mode` varchar(20) NOT NULL,
  `5th_payment_date` varchar(20) NOT NULL,
  `5th_payment_amount` double NOT NULL,
  `5th_payment_receipt_number` varchar(255) NOT NULL,
  `is_paid` tinyint(1) NOT NULL
) ENGINE=InnoDB DEFAULT CHARSET=utf8mb4 COLLATE=utf8mb4_general_ci;

--
-- Dumping data for table `bd_payments`
--

INSERT INTO `bd_payments` (`id`, `project_type_id`, `project_name`, `bm_no`, `lgu_id`, `po_no`, `dr_no`, `dr_date`, `delivered_total_quantity`, `delivered_total_amount`, `remaining_balance`, `bill_no`, `bill_date`, `bill_quantity`, `bill_amount`, `payment_mode`, `payment_date`, `payment_amount`, `payment_receipt_number`, `1st_bill_no`, `1st_payment_mode`, `1st_payment_date`, `1st_payment_amount`, `1st_payment_receipt_number`, `2nd_bill_no`, `2nd_payment_mode`, `2nd_payment_date`, `2nd_payment_amount`, `2nd_payment_receipt_number`, `3rd_bill_no`, `3rd_payment_mode`, `3rd_payment_date`, `3rd_payment_amount`, `3rd_payment_receipt_number`, `4th_payment_mode`, `4th_bill_no`, `4th_payment_date`, `4th_payment_amount`, `4th_payment_receipt_number`, `5th_bill_no`, `5th_payment_mode`, `5th_payment_date`, `5th_payment_amount`, `5th_payment_receipt_number`, `is_paid`) VALUES
(108, 4, 'IT SUPPLIES', 'BM202420', 5, '168', '1', '03/21/2024', '1', 500, '500', '', '', '1', 500, '', '', 0, '', '', '', '', 0, '', '', '', '', 0, '', '', '', '', 0, '', '', '', '', 0, '', '', '', '', 0, '', 1),
(109, 4, 'IT SUPPLIES', 'BM202421', 5, '0', '123', '03/29/2024', '5', 500, '500', '', '', '5', 500, '', '', 0, '', '', '', '', 0, '', '', '', '', 0, '', '', '', '', 0, '', '', '', '', 0, '', '', '', '', 0, '', 1);

-- --------------------------------------------------------

--
-- Table structure for table `bd_po`
--

CREATE TABLE `bd_po` (
  `id` int(11) NOT NULL,
  `project_type_id` int(11) NOT NULL,
  `project_name` varchar(255) NOT NULL,
  `bm_no` varchar(50) NOT NULL,
  `lgu_id` int(11) NOT NULL,
  `po_date` varchar(10) NOT NULL,
  `total_sku_assortment` double NOT NULL,
  `total_sku_quantity` double NOT NULL,
  `total_amount` double NOT NULL,
  `remarks` text NOT NULL,
  `is_delivered` tinyint(1) NOT NULL
) ENGINE=InnoDB DEFAULT CHARSET=utf8mb4 COLLATE=utf8mb4_general_ci;

--
-- Dumping data for table `bd_po`
--

INSERT INTO `bd_po` (`id`, `project_type_id`, `project_name`, `bm_no`, `lgu_id`, `po_date`, `total_sku_assortment`, `total_sku_quantity`, `total_amount`, `remarks`, `is_delivered`) VALUES
(168, 4, 'IT SUPPLIES', 'BM202420', 5, '02/22/2024', 1, 1, 500, '', 1),
(169, 4, 'IT SUPPLIES', 'BM202421', 5, '02/22/2024', 1, 1, 100, '', 1),
(170, 4, 'IT SUPPLIES', 'BM202421', 5, '03/22/2024', 1, 1, 100, '', 1),
(171, 4, 'IT SUPPLIES', 'BM202421', 5, '02/22/2024', 1, 1, 100, '', 1),
(172, 4, 'IT SUPPLIES', 'BM202421', 5, '02/22/2024', 1, 1, 100, '', 1),
(173, 4, 'IT SUPPLIES', 'BM202421', 5, '03/23/2024', 1, 1, 100, '', 1);

-- --------------------------------------------------------

--
-- Table structure for table `bd_project_information`
--

CREATE TABLE `bd_project_information` (
  `id` int(11) NOT NULL,
  `bm_no` varchar(50) NOT NULL,
  `lgu_id` int(11) NOT NULL,
  `project_type_id` int(11) NOT NULL,
  `project_name` varchar(255) NOT NULL,
  `project_status` varchar(20) NOT NULL,
  `payment_structure` varchar(20) NOT NULL,
  `project_budget_amount` double NOT NULL,
  `project_expenses_amount` double NOT NULL,
  `delivery_target_start_date` varchar(20) NOT NULL,
  `delivery_target_end_date` varchar(20) NOT NULL,
  `total_sku_quantity` double NOT NULL,
  `total_quantity` varchar(255) NOT NULL,
  `expense_type` varchar(50) NOT NULL,
  `bid_date` varchar(10) NOT NULL,
  `award_date` varchar(10) NOT NULL,
  `remarks` text NOT NULL,
  `total_delivered` double NOT NULL,
  `total_paid` double NOT NULL,
  `added_on` varchar(10) NOT NULL,
  `updated_on` varchar(10) NOT NULL
) ENGINE=InnoDB DEFAULT CHARSET=utf8mb4 COLLATE=utf8mb4_general_ci;

--
-- Dumping data for table `bd_project_information`
--

INSERT INTO `bd_project_information` (`id`, `bm_no`, `lgu_id`, `project_type_id`, `project_name`, `project_status`, `payment_structure`, `project_budget_amount`, `project_expenses_amount`, `delivery_target_start_date`, `delivery_target_end_date`, `total_sku_quantity`, `total_quantity`, `expense_type`, `bid_date`, `award_date`, `remarks`, `total_delivered`, `total_paid`, `added_on`, `updated_on`) VALUES
(71, 'BM202422', 5, 4, 'IT SUPPLIES', 'Won', 'Progressive', 500, 0, '03/29/2024', '03/30/2024', 5, '5', '', '08/23/2024', '03/22/2024', '', 0, 0, '', '');

-- --------------------------------------------------------

--
-- Table structure for table `bd_project_series`
--

CREATE TABLE `bd_project_series` (
  `id` int(11) NOT NULL,
  `series` varchar(255) NOT NULL
) ENGINE=InnoDB DEFAULT CHARSET=utf8mb4 COLLATE=utf8mb4_general_ci;

--
-- Dumping data for table `bd_project_series`
--

INSERT INTO `bd_project_series` (`id`, `series`) VALUES
(1, '23');

-- --------------------------------------------------------

--
-- Table structure for table `bd_project_type`
--

CREATE TABLE `bd_project_type` (
  `id` int(11) NOT NULL,
  `project_type_code` varchar(255) NOT NULL,
  `project_description` text NOT NULL,
  `project_details` text NOT NULL
) ENGINE=InnoDB DEFAULT CHARSET=utf8mb4 COLLATE=utf8mb4_general_ci;

--
-- Dumping data for table `bd_project_type`
--

INSERT INTO `bd_project_type` (`id`, `project_type_code`, `project_description`, `project_details`) VALUES
(4, 'F-FC', 'FOOD COMMODITIES', 'FOOD COMMODITIES'),
(5, 'NF-F', 'FUEL', 'FUEL'),
(6, 'NF-JS', 'JANITORIAL SUPPLY', 'JANITORIAL SUPPLY'),
(7, 'NF-CM', 'CONSTRUCTION MATERIALS', 'CONSTRUCTION MATERIALS'),
(8, 'F-DI', 'DIETARY ITEMS', 'DIETARY ITEMS'),
(9, 'NF-K', 'KITCHENWARE', 'KITCHENWARE'),
(10, 'NF-OS', 'OFFICE SUPPLY', 'OFFICE SUPPLY'),
(11, 'NF-ABS', 'AEDES BORNE SUPPLY', 'AEDES BORNE SUPPLY'),
(12, 'F-SF', 'SUPPLEMENTAL FEEDING', 'SUPPLEMENTAL FEEDING'),
(13, 'F-GS', 'GROCERY SUPPLY', 'GROCERY SUPPLY');

-- --------------------------------------------------------

--
-- Table structure for table `cts`
--

CREATE TABLE `cts` (
  `id` int(11) NOT NULL,
  `ticket_no` int(8) NOT NULL,
  `created_at` datetime NOT NULL,
  `time_resolved` varchar(10) NOT NULL,
  `requested_by` varchar(50) NOT NULL,
  `department` varchar(50) NOT NULL,
  `issue` varchar(50) NOT NULL,
  `description` text NOT NULL,
  `severity` varchar(20) NOT NULL,
  `assisted_by` varchar(50) NOT NULL,
  `assistors_remark` text NOT NULL,
  `image` text NOT NULL,
  `status` varchar(10) NOT NULL
) ENGINE=InnoDB DEFAULT CHARSET=utf8mb4 COLLATE=utf8mb4_general_ci;

--
-- Dumping data for table `cts`
--

INSERT INTO `cts` (`id`, `ticket_no`, `created_at`, `time_resolved`, `requested_by`, `department`, `issue`, `description`, `severity`, `assisted_by`, `assistors_remark`, `image`, `status`) VALUES
(7, 32612658, '2024-02-29 11:38:42', '', 'Test Test', 'HR', 'Monitor', 'tryrty', 'Low', '', '', 'uploads/65dffc42081ba_35-350824_green-arrow-green-right-arrow-icon.png', 'Pending');

-- --------------------------------------------------------

--
-- Table structure for table `cts_chat`
--

CREATE TABLE `cts_chat` (
  `id` int(11) NOT NULL,
  `user_id` int(11) NOT NULL,
  `cts_id` int(11) NOT NULL,
  `message` text NOT NULL,
  `created_at` timestamp NOT NULL DEFAULT current_timestamp()
) ENGINE=InnoDB DEFAULT CHARSET=utf8mb4 COLLATE=utf8mb4_general_ci;

--
-- Dumping data for table `cts_chat`
--

INSERT INTO `cts_chat` (`id`, `user_id`, `cts_id`, `message`, `created_at`) VALUES
(5, 45, 5, 'kamusta sir', '2024-02-28 08:07:10'),
(6, 45, 6, 'Hi ho', '2024-02-28 08:07:57'),
(7, 45, 5, 'kamusta na man', '2024-02-28 08:08:39'),
(8, 43, 5, 'okay lang sir', '2024-02-28 08:09:43'),
(9, 43, 5, 'okay lang sir', '2024-02-28 08:12:48'),
(10, 43, 5, 'hiiillloooo', '2024-02-28 08:13:13'),
(11, 43, 6, 'goods lang sir', '2024-02-28 08:18:15'),
(12, 43, 5, 'demo', '2024-02-28 08:21:08'),
(13, 44, 5, 'dededededemo', '2024-02-28 08:23:14'),
(14, 44, 5, 'aaaaaaaaa', '2024-02-28 08:25:18'),
(15, 44, 5, 'bbbbbbbbb', '2024-02-28 08:26:08'),
(16, 44, 5, 'ay sir unsaon deay pag delete ug message?', '2024-02-28 08:27:18'),
(17, 45, 6, 'hello kier', '2024-02-28 08:38:55'),
(18, 45, 6, 'kamusta na man', '2024-02-28 08:40:00'),
(19, 45, 6, 'heeelll', '2024-02-28 08:40:11'),
(20, 45, 5, 'kuan, kuhaa lang ang message para ma delete siya', '2024-02-29 00:34:42'),
(21, 45, 5, 'hi', '2024-02-29 00:35:34'),
(22, 43, 5, 'hello', '2024-02-29 00:36:47'),
(23, 45, 6, 'hjsadjasdas', '2024-02-29 02:28:48'),
(24, 43, 5, 'hoyy', '2024-02-29 02:30:00'),
(25, 44, 6, 'kamusta sir', '2024-02-29 02:31:58'),
(26, 45, 6, 'okay lang', '2024-02-29 02:32:38'),
(27, 44, 6, 'ano po ba ang dapat na gawin', '2024-02-29 02:44:20'),
(28, 45, 9, 'okay lang po ba?', '2024-02-29 02:47:25'),
(29, 43, 11, 'pwedi padali-an ni sir, kay wala koy magamit. ', '2024-02-29 03:08:56'),
(30, 45, 11, 'pwedi sir', '2024-02-29 03:20:34'),
(31, 20, 7, 'Hi', '2024-02-29 03:39:25'),
(32, 1, 7, 'Hello', '2024-02-29 03:39:47');

-- --------------------------------------------------------

--
-- Table structure for table `departments`
--

CREATE TABLE `departments` (
  `id` int(11) NOT NULL,
  `department_code` varchar(10) NOT NULL,
  `department_name` varchar(255) NOT NULL
) ENGINE=InnoDB DEFAULT CHARSET=utf8mb4 COLLATE=utf8mb4_general_ci;

--
-- Dumping data for table `departments`
--

INSERT INTO `departments` (`id`, `department_code`, `department_name`) VALUES
(2, 'ICT', 'Informations and Communication Technology'),
(6, 'AU', 'Audit'),
(10, 'AC', 'Accounting'),
(11, 'TR', 'Treasury'),
(12, 'LC', 'Legal and Compliance'),
(13, 'HR', 'Human Resources'),
(14, 'BI', 'Bidding'),
(15, 'IMS', 'Inventory Management System'),
(16, 'SC', 'Supply Chain'),
(21, 'DS', 'Department Store'),
(22, 'WA', 'Warehouse');

-- --------------------------------------------------------

--
-- Table structure for table `issues`
--

CREATE TABLE `issues` (
  `id` int(11) NOT NULL,
  `issue` varchar(255) NOT NULL
) ENGINE=InnoDB DEFAULT CHARSET=utf8mb4 COLLATE=utf8mb4_general_ci;

--
-- Dumping data for table `issues`
--

INSERT INTO `issues` (`id`, `issue`) VALUES
(2, 'Mouse'),
(3, 'Keyboard'),
(4, 'Monitor'),
(5, 'System Unit'),
(7, 'QB'),
(8, 'POS'),
(9, 'Printer'),
(12, 'One Centro'),
(13, 'Barter');

-- --------------------------------------------------------

--
-- Table structure for table `positions`
--

CREATE TABLE `positions` (
  `id` int(11) NOT NULL,
  `position_code` varchar(10) NOT NULL,
  `position_name` varchar(255) NOT NULL
) ENGINE=InnoDB DEFAULT CHARSET=utf8mb4 COLLATE=utf8mb4_general_ci;

--
-- Dumping data for table `positions`
--

INSERT INTO `positions` (`id`, `position_code`, `position_name`) VALUES
(1, 'ITOS', 'IT Operation Support'),
(2, 'ITAS', 'IT Admin Support'),
(3, 'ITMI', 'IT Manager I'),
(4, 'ITSI', 'IT Supervisor I'),
(6, 'HRATAR', 'HR Associate - Talent Acquisition and Retention'),
(7, 'CCSS', 'Credit and Collection Sr. Supervisor'),
(8, 'JS', 'Junior Supervisor'),
(9, 'BS', 'Bidding Supervisor'),
(10, 'JLTSM', 'JLT - Sales and Marketing'),
(11, 'C', 'Checker'),
(12, 'BA', 'Bidding Associate'),
(13, 'BAI', 'Bidding Associate I');

-- --------------------------------------------------------

--
-- Table structure for table `rfid`
--

CREATE TABLE `rfid` (
  `id` int(11) NOT NULL,
  `company_id` varchar(20) NOT NULL,
  `employee` varchar(255) NOT NULL,
  `date` varchar(10) NOT NULL,
  `time_in` varchar(10) NOT NULL,
  `break_out` varchar(10) NOT NULL,
  `break_in` varchar(10) NOT NULL,
  `time_out` varchar(10) NOT NULL
) ENGINE=InnoDB DEFAULT CHARSET=utf8mb4 COLLATE=utf8mb4_general_ci;

--
-- Dumping data for table `rfid`
--

INSERT INTO `rfid` (`id`, `company_id`, `employee`, `date`, `time_in`, `break_out`, `break_in`, `time_out`) VALUES
(21, '00004001', 'Adrian Pol Sano Peligrino', '01-25-2024', '04:03:01', '', '', '');

-- --------------------------------------------------------

--
-- Table structure for table `services`
--

CREATE TABLE `services` (
  `id` int(11) NOT NULL,
  `service_code` varchar(10) NOT NULL,
  `service_name` varchar(255) NOT NULL
) ENGINE=InnoDB DEFAULT CHARSET=utf8mb4 COLLATE=utf8mb4_general_ci;

--
-- Dumping data for table `services`
--

INSERT INTO `services` (`id`, `service_code`, `service_name`) VALUES
(5, 'TGCB', 'Tan Group of Companies - Bukidnon');

-- --------------------------------------------------------

--
-- Table structure for table `users`
--

CREATE TABLE `users` (
  `id` int(11) NOT NULL,
  `user_role` tinyint(1) NOT NULL,
  `company_id` varchar(20) NOT NULL,
  `username` varchar(50) NOT NULL,
  `password` varchar(50) NOT NULL,
  `first_name` varchar(50) NOT NULL,
  `middle_name` varchar(50) NOT NULL,
  `last_name` varchar(50) NOT NULL,
  `birthdate` varchar(20) NOT NULL,
  `blood_type` varchar(5) NOT NULL,
  `address` text NOT NULL,
  `contact_person` varchar(100) NOT NULL,
  `contact_person_number` varchar(100) NOT NULL,
  `department` varchar(100) NOT NULL,
  `position` varchar(10) NOT NULL,
  `services` varchar(20) NOT NULL,
  `time_in` varchar(10) NOT NULL,
  `break_out` varchar(10) NOT NULL,
  `break_in` varchar(10) NOT NULL,
  `time_out` varchar(10) NOT NULL,
  `sss` varchar(50) NOT NULL,
  `pag_ibig` varchar(50) NOT NULL,
  `phic` varchar(50) NOT NULL,
  `tin` varchar(50) NOT NULL,
  `status` varchar(50) NOT NULL,
  `can_create` tinyint(1) NOT NULL,
  `can_update` tinyint(1) NOT NULL,
  `can_delete` tinyint(1) NOT NULL,
  `is_operation` tinyint(1) NOT NULL
) ENGINE=InnoDB DEFAULT CHARSET=utf8mb4 COLLATE=utf8mb4_general_ci;

--
-- Dumping data for table `users`
--

INSERT INTO `users` (`id`, `user_role`, `company_id`, `username`, `password`, `first_name`, `middle_name`, `last_name`, `birthdate`, `blood_type`, `address`, `contact_person`, `contact_person_number`, `department`, `position`, `services`, `time_in`, `break_out`, `break_in`, `time_out`, `sss`, `pag_ibig`, `phic`, `tin`, `status`, `can_create`, `can_update`, `can_delete`, `is_operation`) VALUES
(1, 1, '00004001', 'AdrianPol27', 'admin107', 'Adrian Pol', 'Sano', 'Peligrino', '09/27/1999', 'O', 'P6 - Dologon, Maramag, Bukidnon', 'Jane Adtoon Adlaw', '09262130312', 'ICT', 'ITOS', 'TGCB', '', '', '', '', '08-3119589-6', '1213-1202-1350', '15-251581055-7', '611-376-341-000', 'Regular', 1, 1, 1, 0),
(2, 1, '00000113', 'jared123', 'jared123', 'Jared Christopher', 'Bulasa', 'Cipriano', '12/23/1989', 'O+', 'Amante Village, P8 - North Poblacion, Maramag', 'Ruizzandra Cipriano', '09758882394', 'ICT', 'ITMI', 'TBGC', '', '', '', '', '819666787', '1211-0866-4617', '150503251827', '', 'Regular', 0, 0, 0, 0),
(3, 0, '00003211', 'ian123', 'ian123', 'Ian Carlo', 'Cabalan', 'Handayan', '06/18/1997', 'O', 'P2 - Norte, Don Carlos', 'Joan Barioga', '09368965654', 'ICT', 'ITSI', 'TGCB', '', '', '', '', '943403463', '1212-7530-4725', '152530496095', '379-694-488-000', 'Regular', 0, 0, 0, 0),
(4, 0, '00000252', 'nas123', 'nas123', 'Nasario', 'Dicdican', 'Edullantes', '03/12/1996', 'O', 'P5 - South Poblacion, Maramag', '', '', 'ICT', 'ITAS', 'TBGC', '', '', '', '', '08-3023301-8', '1212-6825-6671', '15-025552292-4', '364-212-611-000', 'Regular', 0, 0, 0, 0),
(13, 0, '29460308', '', '', 'Gil', 'Montano', 'Concepcion Jr.', '7/10/1984', 'B+', 'P-3  Mailag, Valencia City', 'Fabelle D. Concepcion', '09700544579', 'AC', 'CCSS', 'TGCB', '', '', '', '', '08-16653-11-7', '1820-0057-6257', '15-025216741-4', '408-290-770', 'Probationary', 0, 0, 0, 0),
(14, 0, '87170226', '', '', 'Jerome', 'Meoza', 'Dayon', '3/15/1993', 'O', 'P2-B San Miguel, Maramag, Bukidnon', 'Elisa M. Dayon', '09074417457', 'DS', 'JS', 'TBGC', '', '', '', '', '823355385', '121103620022', '150253465605', '437086090', 'Probationary', 0, 0, 0, 0),
(15, 0, '63705682', '', '', 'Jade', 'Palmada', 'Espada', '4/19/1979', 'O', 'Purok 9 South Poblacion, Maramag, Bukidnon', 'Glenn C. Espada', '09164133782', 'BI', 'BS', 'TGCB', '', '', '', '', '814019397', '110124710211', '152010479562', '467106890', 'Probationary', 0, 0, 0, 0),
(16, 0, '89548420', '', '', 'Marry Joy', 'Ral', 'Limpag', '4/8/2000', '0', 'P5 Kitingting, Damulog, Bukidnon', 'Rosemarie Limpag', '09262078748', 'BI', 'BAI', 'TBGC', '', '', '', '', '832414644', '', '152500196496', '', 'Probationary', 0, 0, 0, 0),
(17, 0, '46436104', '', '', 'Micco Gems', '', 'Tanginan', '2/11/1994', 'B+', 'P 2A South Poblacion,  Maramag, Bukidnon ', 'Ma. Marcele Tanginan', '09357420506', 'WA', 'C', 'TBGC', '', '', '', '', '', '', '', '', 'Probationary', 0, 0, 0, 0),
(18, 0, '8426385', '', '', 'Rosemarie', 'Aumentado', 'Villegas', '9/4/1999', '', 'Malinao  Kalilalangan,  Bukidnon', 'Marites Villegas', '09652083930', 'BI', 'BA', 'TBGC', '', '', '', '', '08-30798809', '121305698136', '15-253088676-4', '617-994-280-0000', 'Probationary', 0, 0, 0, 0),
(19, 0, '56589173', '', '', 'Jun Mark', 'Benitez', 'Tanda', '6/4/91', '', 'Zone 1, Brgy. Base Camp, Maramag, Bukidnon', 'Norma Tanda', '09973402049', 'AC', 'JLTSM', 'TBGC', '', '', '', '', '', '121122005067', '152023587992', '437750108', 'Probationary', 0, 0, 0, 0),
(20, 0, '79994218', 'test', 'test', 'Test', 'Test', 'Test', '09/27/1999', '0', 'P6, Dologon, Maramag, Bukidnon', 'Test', 'Test', 'HR', 'HRATAR', 'TBGC', '', '', '', '', '0', '0', '0', '0', 'Regular', 0, 0, 0, 0),
(21, 0, '77458378', '', '', 'Ronel', 'B.', 'Lagoy', '3/26/1996', 'B+', 'Norte 4B, Don Carlos, Bukidnon', 'Ymerieca B. Lagoy', '09557426900', 'SC', 'BA', 'TGCB', '', '', '', '', '832410350', '121333415169', '152500593371', '742736275', 'Probationary', 0, 0, 0, 0),
(22, 0, '44317228', '', '', 'Jaynor', 'C', 'Villones', '6/19/1990', 'A+', 'Purok 2, La Roxas, Maramag Bukidnon', 'Luzviminda R. Garcia', '09386510777', 'SC', 'BA', 'TGCB', '', '', '', '', '932484943', '121107167797', '170502863293', '400161777', 'Probationary', 0, 0, 0, 0),
(23, 0, '41539648', '', '', 'Janice', 'Dumaboc', 'Baron', '6/6/2000', '', 'P-3 Panadtalan Maramag, Bukidnon', 'Gemarcinda Baron', '09353206271', 'AC', 'BA', 'TGCB', '', '', '', '', '830752900', '121304147929', '150255940882', '614450558', 'Probationary', 0, 0, 0, 0),
(24, 0, '58744576', '', '', 'Cherry Rose', 'Sua', 'Mancia', '8/15/1991', '', 'P2 North Pobalacion Maramag, Bukidnon', 'Roberto Mancia', '09851875353', 'SC', 'BA', 'TGCB', '', '', '', '', '824482040', '121115523061', '150253848369', '', 'Probationary', 0, 0, 0, 0),
(25, 0, '18575212', '', '', 'Ria May', 'Murillo', 'Ilaga', '5/1/2001', '', 'P-3 Kawilihan, Sagbayan, Dangcagan, Bukidnon', 'Andres Ilaga', '09675874850', 'SC', 'BA', 'TGCB', '', '', '', '', '08-3178489-6', '121326577417', '15-025630220-0', '632-405-326-000', 'Probationary', 0, 0, 0, 0),
(26, 0, '55138710', '', '', 'Jezrcel', 'Oroso', 'Fragata', '3/6/1994', '0', 'P-4 Poblacion Valencia City', 'Hazel Tifanero', '09976816279', 'AC', 'BA', 'TGCB', '', '', '', '', '819388780', '121159961141', '150503112789', '', 'Probationary', 0, 0, 0, 0),
(27, 0, '52082213', '', '', 'Arvey', 'C', 'Baylocon', '3/22/1990', '', 'Purok 1 Sinangguyan Don Carlos Bukidnon', 'Rhosie Roa', '09171799215', 'AC', 'BA', 'TGCB', '', '', '', '', '3423071451', '121059660335', '10510336726', '321628364', 'Probationary', 0, 0, 0, 0),
(28, 0, '88115197', '', '', 'Kharlmari', 'Tocmohhan ', 'Tanginan', '3/20/1995', '', 'Purok 2A South Tamarin  Maramag, Bukidnon', 'Gemma Tanginan', '09652238375', 'TR', 'BA', 'TGCB', '', '', '', '', '34-7265496-8', '121217009389', '15-050465887-4', '754-404-270-000', 'Probationary', 0, 0, 0, 0),
(29, 0, '16712', '', '', 'Jade', 'Villa', 'Macapas', '9/25/2022', '0', 'P-9B North Poblacion Maramag, Bukidnon', '', '09362425240', 'AC', 'BA', 'TGCB', '', '', '', '', '08-3189098-4', '1213-2435672-2', '15-253175057-2', '', 'Probationary', 0, 0, 0, 0),
(30, 0, '58267113', '', '', 'Rosemarie', 'Magampoc', 'Bruce', '3/9/1999', '', 'P2 Anahawon Maramag,  Bukidnon', 'Jomar Sayam', '09535693354', 'AC', 'BA', 'TGCB', '', '', '', '', '08-3225894-9', '1213-2976-8950', '', '', 'Probationary', 0, 0, 0, 0),
(31, 0, '48753365', '', '', 'Dave', 'Bores', 'Buenafe', '12/9/1999', '', 'Purok 9A North Poblacion Maramag, Bukidnon', 'Noel Buenafe', '09531539081', 'AC', 'BA', 'TGCB', '', '', '', '', '832140468', '121330608107', '150505539615', '', 'Probationary', 0, 0, 0, 0),
(32, 0, '53526891', '', '', 'Jay', 'Apilan', 'Labrador', '6/15/2004', '0', 'P-8 Laligan, Valencia City Bukidnon', 'Adines E. Labrador', '09360263982', 'AC', 'BA', 'TGCB', '', '', '', '', '08-3120597-7', '121312109060', '15050543351-5', '', 'Probationary', 0, 0, 0, 0),
(33, 0, '45357346', '', '', 'Raymond', 'Beduya ', 'Bayo', '1/10/1992', 'A', 'Lumbayao Valencia City Bukidnon', 'Zenaida B. Bayo', '09958740016', 'HR', 'BA', 'TGCB', '', '', '', '', '08-1839464-9', '1211-0868-0083', '15-050285843-4', '446-022-130', 'Probationary', 0, 0, 0, 0),
(34, 0, '57726354', '', '', 'Mariel', 'Anes', 'Villahermosa', '11/18/1995', 'A+', 'P-1 San Roque Maramag, Bukidnon', 'Kem Moneva', 'P-1 San Roque Maramag, Bukidnon', 'AC', 'BA', 'TGCB', '', '', '', '', '', '121143089859', '150503979359', '', 'Probationary', 0, 0, 0, 0),
(35, 0, '78282911', '', '', 'Ma. Sophia', 'Casumpong', 'Fernandez', '10/23/2001', 'A', 'San Jose, Quezon, Bukidnon 8715', 'Carmela Fernandez', '09056441355', 'SC', 'BA', 'TGCB', '', '', '', '', '832438497', '121332683013', '152503920616', '639746941', 'Probationary', 0, 0, 0, 0),
(36, 0, '50614209', '', '', 'Ronieliza', '', 'Cabig', '8/5/1996', '0+', 'P-9 Dologon Maramag, Bukidnon', 'Elmar Cabig', '09079126833', 'AC', 'BA', 'TGCB', '', '', '', '', '435700069', '121144913816', '080514710965', '', 'Probationary', 0, 0, 0, 0),
(37, 0, '5257089', '', '', 'Revin', 'Cabuenas', 'Solomon', '3/12/2002', 'A+', 'P-2 Base Camp Maramag, Bukidnon', 'Ramil Solomon', '09557558162', 'AC', 'BA', 'TGCB', '', '', '', '', '08-3223614-9', '1213-2955671-3', '15-252269756-1', '638611364000', 'Probationary', 0, 0, 0, 0),
(38, 0, '51871866', '', '', 'Jerico James', 'Estiba', 'Duran', '9/8/2000', 'O', 'P-5 NIA Tubigon Maramag, Bukidnon', 'Joy Romana', '09939839767', 'AC', 'BA', 'TGCB', '', '', '', '', '832154056', '121327752908', '150256711941', '', 'Probationary', 0, 0, 0, 0),
(39, 0, '48955552', '', '', 'Jennifer', 'Rule', 'Garcia', '4/1/1998', 'A+', 'P-49 East Kibawe, Bukidnon', 'Robert E. Buctolan', '09357502246', 'AC', 'BA', 'TGCB', '', '', '', '', '831733397', '121331789187', '', '745040637000', 'Probationary', 0, 0, 0, 0),
(40, 0, '87821096', '', '', 'Rey Jay', 'Rama', 'Estribor', '12/21/2002', '', 'Purok 8A Relocation South Poblacion Maramag, Bukidnon', 'Evelyn Estribor', '09061882175', 'WA', 'BA', 'TGCB', '', '', '', '', '832393419', '', '152532839356', '', 'Probationary', 0, 0, 0, 0),
(41, 0, '42643529', '', '', 'Ezzel', 'Tingga', 'Baflor', '5/27/1998', '', 'Paglaum Village, San Miguel, Maramag, Bukidnon', 'Darwin Baflor', '09187117751', 'AC', 'BA', 'TGCB', '', '', '', '', '830116478', '121264849504', '150505084227', '762107465000', 'Probationary', 0, 0, 0, 0),
(42, 0, '66583367', '', '', 'Jeremias', 'B', 'Silao', '5/8/55', 'AB', 'P-14 Musuan Maramag, Bukidnon', 'Irenia G. Silao', '0953288610', 'AC', 'BA', 'TGCB', '', '', '', '', '', '', '', '', 'Probationary', 0, 0, 0, 0),
(43, 1, '', 'intern1', 'intern1', 'Intern', '', '1', '', '', '', '', '', '', '', '', '', '', '', '', '', '', '', '', '', 0, 0, 0, 0),
(44, 1, '', 'intern2', 'intern2', 'Intern', '', '2', '', '', '', '', '', '', '', '', '', '', '', '', '', '', '', '', '', 0, 0, 0, 0),
(45, 1, '', 'intern3', 'Intern3', 'Intern', '', '3', '', '', '', '', '', '', '', '', '', '', '', '', '', '', '', '', '', 0, 0, 0, 0);

--
-- Indexes for dumped tables
--

--
-- Indexes for table `assets`
--
ALTER TABLE `assets`
  ADD PRIMARY KEY (`id`);

--
-- Indexes for table `assets_series`
--
ALTER TABLE `assets_series`
  ADD PRIMARY KEY (`id`);

--
-- Indexes for table `bd_deliveries`
--
ALTER TABLE `bd_deliveries`
  ADD PRIMARY KEY (`id`);

--
-- Indexes for table `bd_expense`
--
ALTER TABLE `bd_expense`
  ADD PRIMARY KEY (`id`);

--
-- Indexes for table `bd_lgu`
--
ALTER TABLE `bd_lgu`
  ADD PRIMARY KEY (`id`);

--
-- Indexes for table `bd_municipality`
--
ALTER TABLE `bd_municipality`
  ADD PRIMARY KEY (`id`);

--
-- Indexes for table `bd_payments`
--
ALTER TABLE `bd_payments`
  ADD PRIMARY KEY (`id`);

--
-- Indexes for table `bd_po`
--
ALTER TABLE `bd_po`
  ADD PRIMARY KEY (`id`);

--
-- Indexes for table `bd_project_information`
--
ALTER TABLE `bd_project_information`
  ADD PRIMARY KEY (`id`);

--
-- Indexes for table `bd_project_series`
--
ALTER TABLE `bd_project_series`
  ADD PRIMARY KEY (`id`);

--
-- Indexes for table `bd_project_type`
--
ALTER TABLE `bd_project_type`
  ADD PRIMARY KEY (`id`);

--
-- Indexes for table `cts`
--
ALTER TABLE `cts`
  ADD PRIMARY KEY (`id`);

--
-- Indexes for table `cts_chat`
--
ALTER TABLE `cts_chat`
  ADD PRIMARY KEY (`id`),
  ADD KEY `fk_user_id` (`user_id`),
  ADD KEY `fk_cts_id` (`cts_id`);

--
-- Indexes for table `departments`
--
ALTER TABLE `departments`
  ADD PRIMARY KEY (`id`);

--
-- Indexes for table `issues`
--
ALTER TABLE `issues`
  ADD PRIMARY KEY (`id`);

--
-- Indexes for table `positions`
--
ALTER TABLE `positions`
  ADD PRIMARY KEY (`id`);

--
-- Indexes for table `rfid`
--
ALTER TABLE `rfid`
  ADD PRIMARY KEY (`id`);

--
-- Indexes for table `services`
--
ALTER TABLE `services`
  ADD PRIMARY KEY (`id`);

--
-- Indexes for table `users`
--
ALTER TABLE `users`
  ADD PRIMARY KEY (`id`);

--
-- AUTO_INCREMENT for dumped tables
--

--
-- AUTO_INCREMENT for table `assets`
--
ALTER TABLE `assets`
  MODIFY `id` int(11) NOT NULL AUTO_INCREMENT, AUTO_INCREMENT=321;

--
-- AUTO_INCREMENT for table `assets_series`
--
ALTER TABLE `assets_series`
  MODIFY `id` int(11) NOT NULL AUTO_INCREMENT, AUTO_INCREMENT=2;

--
-- AUTO_INCREMENT for table `bd_deliveries`
--
ALTER TABLE `bd_deliveries`
  MODIFY `id` int(11) NOT NULL AUTO_INCREMENT, AUTO_INCREMENT=120;

--
-- AUTO_INCREMENT for table `bd_expense`
--
ALTER TABLE `bd_expense`
  MODIFY `id` int(11) NOT NULL AUTO_INCREMENT, AUTO_INCREMENT=9;

--
-- AUTO_INCREMENT for table `bd_lgu`
--
ALTER TABLE `bd_lgu`
  MODIFY `id` int(11) NOT NULL AUTO_INCREMENT, AUTO_INCREMENT=6;

--
-- AUTO_INCREMENT for table `bd_municipality`
--
ALTER TABLE `bd_municipality`
  MODIFY `id` int(11) NOT NULL AUTO_INCREMENT, AUTO_INCREMENT=14;

--
-- AUTO_INCREMENT for table `bd_payments`
--
ALTER TABLE `bd_payments`
  MODIFY `id` int(11) NOT NULL AUTO_INCREMENT, AUTO_INCREMENT=110;

--
-- AUTO_INCREMENT for table `bd_po`
--
ALTER TABLE `bd_po`
  MODIFY `id` int(11) NOT NULL AUTO_INCREMENT, AUTO_INCREMENT=181;

--
-- AUTO_INCREMENT for table `bd_project_information`
--
ALTER TABLE `bd_project_information`
  MODIFY `id` int(11) NOT NULL AUTO_INCREMENT, AUTO_INCREMENT=72;

--
-- AUTO_INCREMENT for table `bd_project_series`
--
ALTER TABLE `bd_project_series`
  MODIFY `id` int(11) NOT NULL AUTO_INCREMENT, AUTO_INCREMENT=2;

--
-- AUTO_INCREMENT for table `bd_project_type`
--
ALTER TABLE `bd_project_type`
  MODIFY `id` int(11) NOT NULL AUTO_INCREMENT, AUTO_INCREMENT=14;

--
-- AUTO_INCREMENT for table `cts`
--
ALTER TABLE `cts`
  MODIFY `id` int(11) NOT NULL AUTO_INCREMENT, AUTO_INCREMENT=8;

--
-- AUTO_INCREMENT for table `cts_chat`
--
ALTER TABLE `cts_chat`
  MODIFY `id` int(11) NOT NULL AUTO_INCREMENT, AUTO_INCREMENT=33;

--
-- AUTO_INCREMENT for table `departments`
--
ALTER TABLE `departments`
  MODIFY `id` int(11) NOT NULL AUTO_INCREMENT, AUTO_INCREMENT=23;

--
-- AUTO_INCREMENT for table `issues`
--
ALTER TABLE `issues`
  MODIFY `id` int(11) NOT NULL AUTO_INCREMENT, AUTO_INCREMENT=14;

--
-- AUTO_INCREMENT for table `positions`
--
ALTER TABLE `positions`
  MODIFY `id` int(11) NOT NULL AUTO_INCREMENT, AUTO_INCREMENT=14;

--
-- AUTO_INCREMENT for table `rfid`
--
ALTER TABLE `rfid`
  MODIFY `id` int(11) NOT NULL AUTO_INCREMENT, AUTO_INCREMENT=22;

--
-- AUTO_INCREMENT for table `services`
--
ALTER TABLE `services`
  MODIFY `id` int(11) NOT NULL AUTO_INCREMENT, AUTO_INCREMENT=7;

--
-- AUTO_INCREMENT for table `users`
--
ALTER TABLE `users`
  MODIFY `id` int(11) NOT NULL AUTO_INCREMENT, AUTO_INCREMENT=46;
COMMIT;

/*!40101 SET CHARACTER_SET_CLIENT=@OLD_CHARACTER_SET_CLIENT */;
/*!40101 SET CHARACTER_SET_RESULTS=@OLD_CHARACTER_SET_RESULTS */;
/*!40101 SET COLLATION_CONNECTION=@OLD_COLLATION_CONNECTION */;
